iso3,ccy,month,effective_rate,crypto_shadow_rate,Y,cpi,m2_growth,reserves_gdp,policy_rate,kaopen
AUS,AUD,2019/1/1,1.399757375,1.650511327,-0.164786217,1.188118812,2.613058236,2.986058969,1.5,1
AUS,AUD,2019/2/1,1.399776036,1.715782299,-0.203556878,1.489572989,3.129130244,3.276799304,1.5,1
AUS,AUD,2019/3/1,1.4122679,1.948888009,-0.322062106,1.584158416,4.024136554,3.694353039,1.5,1
AUS,AUD,2019/4/1,1.405429396,1.635799412,-0.151788746,1.771653543,4.431523162,3.600385803,1.5,1
AUS,AUD,2019/5/1,1.439073987,1.876940412,-0.265643169,1.477832512,4.115450079,3.738380758,1.5,1
AUS,AUD,2019/6/1,1.439073987,1.896569625,-0.276046951,1.379310345,4.055647714,3.675130637,1.25,1
AUS,AUD,2019/7/1,1.43122052,1.676278008,-0.158048274,1.567091087,12.97024953,2.983406863,1,1
AUS,AUD,2019/8/1,1.476720555,1.932976721,-0.269237369,1.573254671,12.27416962,3.23500609,1,1
AUS,AUD,2019/9/1,1.468849891,1.76989519,-0.186440623,1.666666667,12.94475081,3.077909772,1,1
AUS,AUD,2019/10/1,1.471483322,1.78297388,-0.192011735,1.756097561,12.77177855,3.171105549,0.75,1
AUS,AUD,2019/11/1,1.464281979,1.792317637,-0.202144546,1.762977473,13.97815349,3.504921771,0.75,1
AUS,AUD,2019/12/1,1.454143582,1.733361909,-0.175645699,2.239532619,14.05953319,4.010965657,0.75,1
AUS,AUD,2020/1/1,1.455533453,1.659795893,-0.131322171,2.739726027,14.30982196,3.354618963,0.75,1
AUS,AUD,2020/2/1,1.498452847,1.810226868,-0.189019038,1.956947162,13.59375195,3.727932682,0.75,1
AUS,AUD,2020/3/1,1.605335552,1.915903953,-0.176856748,2.144249513,16.00548539,3.871690918,0.25,1
AUS,AUD,2020/4/1,1.58784347,1.90565315,-0.182448023,0.096711799,23.20966582,2.76655349,0.25,1
AUS,AUD,2020/5/1,1.536199443,1.84724493,-0.18438383,-0.194174757,22.7392295,2.688692793,0.25,1
AUS,AUD,2020/6/1,1.450947607,1.789642937,-0.209799258,-0.09718173,22.87701926,2.823301517,0.25,1
AUS,AUD,2020/7/1,1.422783087,1.77609047,-0.22179971,0.771456123,13.56131768,2.902447728,0.25,1
AUS,AUD,2020/8/1,1.389043227,1.765149663,-0.239620297,1.064859632,13.8733892,2.913166762,0.25,1
AUS,AUD,2020/9/1,1.381623156,1.705409077,-0.210546002,0.385728062,13.77900702,2.878064085,0.25,1
AUS,AUD,2020/10/1,1.40303992,1.831552173,-0.266522535,0.479386385,13.59583961,2.878544029,0.25,1
AUS,AUD,2020/11/1,1.376516626,1.784748679,-0.259721485,1.058710298,13.07344565,2.929801067,0.1,1
AUS,AUD,2020/12/1,1.329703033,1.735188402,-0.266160362,0.285714286,13.66823252,2.873193035,0.1,1
AUS,AUD,2021/1/1,1.294357283,1.639252209,-0.236225903,0.380952381,13.59588181,2.299655927,0.1,1
AUS,AUD,2021/2/1,1.289565481,1.626707276,-0.23225257,1.055662188,13.98798156,2.411811331,0.1,1
AUS,AUD,2021/3/1,1.296877907,1.644688708,-0.237591365,0.763358779,11.43304732,2.635705112,0.1,1
AUS,AUD,2021/4/1,1.298144951,1.539825727,-0.170732961,2.512077295,4.928101751,2.612166933,0.1,1
AUS,AUD,2021/5/1,1.288754695,1.550687038,-0.185021684,3.307392996,5.725744535,2.582781448,0.1,1
AUS,AUD,2021/6/1,1.308020031,1.541050461,-0.163949734,3.501945525,6.77586816,2.655926715,0.1,1
AUS,AUD,2021/7/1,1.346842572,1.664395471,-0.211698959,2.105263158,7.559917529,2.56972446,0.1,1
AUS,AUD,2021/8/1,1.369693254,1.706823506,-0.220047231,2.490421456,7.629381314,3.210592678,0.1,1
AUS,AUD,2021/9/1,1.365738585,1.710751979,-0.225237657,3.073967339,4.264048936,3.28107564,0.1,1
AUS,AUD,2021/10/1,1.350812852,1.838194749,-0.308077451,2.958015267,4.849451446,3.150415903,0.1,1
AUS,AUD,2021/11/1,1.367393872,1.790886509,-0.269804109,3.238095238,5.598253144,3.203345523,0.1,1
AUS,AUD,2021/12/1,1.398489631,1.79187799,-0.247871407,3.51377018,6.699811053,3.248479484,0.1,1
AUS,AUD,2022/1/1,1.392890394,1.711122767,-0.205768736,3.984819734,5.876594256,3.023891761,0.1,1
AUS,AUD,2022/2/1,1.397106592,1.78036955,-0.242417577,4.938271605,5.825778957,3.022476648,0.1,1
AUS,AUD,2022/3/1,1.35710029,1.761849498,-0.261013825,5.681818182,5.881444507,3.024313306,0.1,1
AUS,AUD,2022/4/1,1.351808043,1.741544944,-0.253329631,5.466540999,6.973211996,2.901078383,0.1,1
AUS,AUD,2022/5/1,1.418037436,1.819661215,-0.24937651,6.120527307,7.635244688,2.93228455,0.35,1
AUS,AUD,2022/6/1,1.422407662,1.74232416,-0.202868973,6.766917293,8.178698915,2.882833617,0.85,1
AUS,AUD,2022/7/1,1.458819607,1.699778504,-0.152870331,7.216494845,6.534845394,2.948835614,1.35,1
AUS,AUD,2022/8/1,1.436772226,1.777742024,-0.212944945,7.196261682,6.293584199,2.950707558,1.85,1
AUS,AUD,2022/9/1,1.495332427,1.847709196,-0.211598058,7.176141659,10.12703309,2.895849464,2.35,1
AUS,AUD,2022/10/1,1.572104576,1.952937971,-0.216919674,6.950880445,10.08398791,2.887426454,2.6,1
AUS,AUD,2022/11/1,1.516540633,1.92100211,-0.236415141,7.380073801,9.324608523,3.104351977,2.85,1
AUS,AUD,2022/12/1,1.481053622,1.861452416,-0.228603311,8.440366972,7.841017065,3.094023432,3.1,1
BRA,BRL,2019/1/1,3.741054545,3.788201316,-0.012523784,3.776527566,7.30672272,19.97116841,6.5,0.162561476
BRA,BRL,2019/2/1,3.723025,3.767363393,-0.011838882,3.890225412,6.464940767,20.05030456,6.5,0.162561476
BRA,BRL,2019/3/1,3.845884211,3.76747224,0.020599257,4.575283531,7.533643959,20.35776895,6.5,0.162561476
BRA,BRL,2019/4/1,3.895557143,4.04023632,-0.036466476,4.940505941,7.470044269,20.33964496,6.5,0.162561476
BRA,BRL,2019/5/1,4.000918182,4.006359866,-0.001359185,4.658258543,8.117889436,20.46368043,6.5,0.162561476
BRA,BRL,2019/6/1,3.858226316,4.108721373,-0.062904304,3.366267152,7.618684444,20.55402274,6.5,0.162561476
BRA,BRL,2019/7/1,3.778713043,3.939677291,-0.041715327,3.222020466,7.701571014,20.42597811,6.5,0.162561476
BRA,BRL,2019/8/1,4.019381818,4.065056266,-0.01129947,3.428615501,7.683902174,20.45450071,6,0.162561476
BRA,BRL,2019/9/1,4.1209,4.171469655,-0.012196823,2.893424893,7.471074872,19.92491482,5.5,0.162561476
BRA,BRL,2019/10/1,4.086386957,3.94852243,0.034319755,2.535028577,7.597539881,19.56803244,5,0.162561476
BRA,BRL,2019/11/1,4.154725,4.124689785,0.007255427,3.274906391,8.113556795,19.38894721,5,0.162561476
BRA,BRL,2019/12/1,4.108880952,4.213518025,-0.025147217,4.306151617,8.136261479,18.87527608,4.5,0.162561476
BRA,BRL,2020/1/1,4.146777273,3.993029196,0.037781332,4.191771238,6.986121709,24.11466415,4.5,0.162561476
BRA,BRL,2020/2/1,4.341838889,4.455741603,-0.025895547,4.005113905,7.085449484,24.32328221,4.25,0.162561476
BRA,BRL,2020/3/1,4.883218182,4.537988742,0.073320561,3.30315772,7.282169585,23.01283053,3.75,0.162561476
BRA,BRL,2020/4/1,5.324985,5.071369706,0.048798955,2.399279429,9.33508137,22.73932444,3.75,0.162561476
BRA,BRL,2020/5/1,5.64285,5.045797804,0.111833478,1.877727164,10.69206066,23.16582783,3,0.162561476
BRA,BRL,2020/6/1,5.195995238,5.056261406,0.027260825,2.132417385,12.83954582,23.36708519,2.25,0.162561476
BRA,BRL,2020/7/1,5.279595652,4.904614082,0.073673102,2.305624998,14.76630985,23.73786009,2.25,0.162561476
BRA,BRL,2020/8/1,5.460633333,5.493800688,-0.006055531,2.43846476,15.08324875,23.83470457,2,0.162561476
BRA,BRL,2020/9/1,5.398880952,4.9194286,0.092999315,3.135329314,15.95331799,23.88066373,2,0.162561476
BRA,BRL,2020/10/1,5.625190476,5.259124723,0.067290199,3.918350032,17.07038119,23.74347237,2,0.162561476
BRA,BRL,2020/11/1,5.417235,5.179042505,0.044965343,4.311223326,16.7650773,23.85806567,2,0.162561476
BRA,BRL,2020/12/1,5.144945455,4.645883156,0.102033283,4.517456886,17.02427159,23.81413525,2,0.162561476
BRA,BRL,2021/1/1,5.3556,4.886283569,0.091710734,4.559198112,18.25768058,21.03328783,2,0.162561476
BRA,BRL,2021/2/1,5.415894444,4.758872781,0.129327216,5.195378643,18.86547887,21.08896814,2,0.162561476
BRA,BRL,2021/3/1,5.645547826,4.996924689,0.122044578,6.099478544,18.79963674,20.57365323,2.75,0.162561476
BRA,BRL,2021/4/1,5.561535,4.951496086,0.116184379,6.759303889,16.88062843,20.78040993,2.75,0.162561476
BRA,BRL,2021/5/1,5.290447619,4.74750718,0.108283182,8.056065441,15.40333698,20.86603341,3.5,0.162561476
BRA,BRL,2021/6/1,5.031304762,4.62315195,0.084602634,8.347072366,13.95909771,20.68734728,4.25,0.162561476
BRA,BRL,2021/7/1,5.156027273,5.61105176,-0.084571807,8.994822841,13.02646009,20.83472741,4.25,0.162561476
BRA,BRL,2021/8/1,5.251122727,4.788889416,0.092143377,9.679773624,12.82006296,21.71962335,5.25,0.162561476
BRA,BRL,2021/9/1,5.279090476,5.564949763,-0.052734133,10.24639496,12.15905223,21.64189234,6.25,0.162561476
BRA,BRL,2021/10/1,5.539375,5.765535994,-0.040016445,10.67262216,12.2248661,21.57906061,7.75,0.162561476
BRA,BRL,2021/11/1,5.55626,5.530709864,0.004609047,10.73850091,12.28462508,21.56853766,7.75,0.162561476
BRA,BRL,2021/12/1,5.650604348,5.282611457,0.067341934,10.06098274,12.25920825,21.22665202,9.25,0.162561476
BRA,BRL,2022/1/1,5.533504762,5.321281113,0.039107302,10.37942484,11.80150878,17.97829447,9.25,0.162561476
BRA,BRL,2022/2/1,5.195978947,5.424775511,-0.043091471,10.54366173,12.30564939,17.92551631,10.75,0.162561476
BRA,BRL,2022/3/1,4.967781818,5.434269862,-0.089751745,11.29941213,13.61900585,17.67895451,11.75,0.162561476
BRA,BRL,2022/4/1,4.757415789,4.758616818,-0.000252422,12.13163022,14.059287,17.27291613,11.75,0.162561476
BRA,BRL,2022/5/1,4.95445,4.881903948,0.014750865,11.73121285,14.32466539,17.35443269,12.75,0.162561476
BRA,BRL,2022/6/1,5.048609524,4.948828184,0.019962045,11.88686963,13.74788299,17.13250973,13.25,0.162561476
BRA,BRL,2022/7/1,5.36747619,5.19666535,0.032340674,10.06940332,13.92614077,17.3702972,13.25,0.162561476
BRA,BRL,2022/8/1,5.1404875,4.896426312,0.048642304,8.727291293,13.81065351,17.03512993,13.75,0.162561476
BRA,BRL,2022/9/1,5.236357143,5.055801412,0.035089676,7.168824789,13.67088764,16.42628524,13.75,0.162561476
BRA,BRL,2022/10/1,5.249695,5.295559276,-0.008698617,6.470372235,12.35756178,16.32888646,13.75,0.162561476
BRA,BRL,2022/11/1,5.274055,5.016953984,0.049976543,5.900728971,13.2856711,16.61025426,13.75,0.162561476
BRA,BRL,2022/12/1,5.241831818,5.675452966,-0.079479357,5.785092908,12.74985157,16.24709381,13.75,0.162561476
CAN,CAD,2019/1/1,1.33033,1.688652441,-0.238503807,1.442672741,6.401015894,5.039378026,1.75,1
CAN,CAD,2019/2/1,1.320557895,1.457141085,-0.09842206,1.509433962,6.215775717,4.841373273,1.75,1
CAN,CAD,2019/3/1,1.33647,1.927252106,-0.3660634,1.881113619,7.396658058,4.782929878,1.75,1
CAN,CAD,2019/4/1,1.33738,1.900433134,-0.351369349,2.025506377,8.064796516,4.93423579,1.75,1
CAN,CAD,2019/5/1,1.345985714,2.154313866,-0.470345664,2.3988006,7.818226219,4.915038854,1.75,1
CAN,CAD,2019/6/1,1.328752632,1.984405305,-0.401078643,2.020958084,7.507434663,4.949172187,1.75,1
CAN,CAD,2019/7/1,1.310484211,1.812865827,-0.324512227,2.010424423,7.878145779,4.889505464,1.75,1
CAN,CAD,2019/8/1,1.32766,1.77704661,-0.291534784,1.937406855,8.229433535,4.94043249,1.75,1
CAN,CAD,2019/9/1,1.32405,1.839816565,-0.328970653,1.869857891,8.268612677,4.888298297,1.75,1
CAN,CAD,2019/10/1,1.318371429,1.773734299,-0.296689888,1.864280388,8.547301555,4.90415324,1.75,1
CAN,CAD,2019/11/1,1.32320625,1.749327055,-0.279173405,2.172284644,8.386245771,4.875337437,1.75,1
CAN,CAD,2019/12/1,1.318272222,1.798659109,-0.310719491,2.248875562,7.889626639,4.891660714,1.75,1
CAN,CAD,2020/1/1,1.308833333,1.60001532,-0.200877049,2.395209581,8.513535225,5.222701051,1.75,1
CAN,CAD,2020/2/1,1.328584211,1.821604676,-0.315603931,2.156133829,8.617263111,5.288894132,1.75,1
CAN,CAD,2020/3/1,1.39525,1.742378061,-0.222177271,0.886262925,10.2261135,5.200290761,0.25,1
CAN,CAD,2020/4/1,1.405247368,1.812047919,-0.254244303,-0.220588235,13.10049837,5.27410534,0.25,1
CAN,CAD,2020/5/1,1.396355556,1.723394557,-0.210430257,-0.366032211,14.86295811,5.27709259,0.25,1
CAN,CAD,2020/6/1,1.3544,1.815242134,-0.292860314,0.660308144,16.30157465,5.271348733,0.25,1
CAN,CAD,2020/7/1,1.348763158,1.763291812,-0.267994417,0.145985401,15.92506115,5.46001626,0.25,1
CAN,CAD,2020/8/1,1.322294737,1.815135599,-0.316791511,0.14619883,15.36658186,5.429465569,0.25,1
CAN,CAD,2020/9/1,1.323763158,1.776778825,-0.294323518,0.513950073,15.53124214,5.445314781,0.25,1
CAN,CAD,2020/10/1,1.321471429,1.768910487,-0.291617978,0.65885798,12.27696783,5.488489316,0.25,1
CAN,CAD,2020/11/1,1.307575,1.754044553,-0.293750018,0.953079179,12.03177354,5.541013731,0.25,1
CAN,CAD,2020/12/1,1.281294118,1.664738987,-0.26179775,0.73313783,11.66167867,5.461675163,0.25,1
CAN,CAD,2021/1/1,1.272205263,1.662986861,-0.267863477,1.023391813,11.93151166,4.406038997,0.25,1
CAN,CAD,2021/2/1,1.269857895,1.712643864,-0.299133296,1.091703057,11.96393487,4.268512419,0.25,1
CAN,CAD,2021/3/1,1.25667619,1.636283322,-0.263957112,2.196193265,9.120452724,4.122616815,0.25,1
CAN,CAD,2021/4/1,1.24935,1.62564025,-0.263278322,3.389830508,5.434443024,4.170197185,0.25,1
CAN,CAD,2021/5/1,1.214584615,1.608013222,-0.280597256,3.600293902,4.869596542,4.411456468,0.25,1
CAN,CAD,2021/6/1,1.223084211,1.630256799,-0.287361837,3.06122449,3.698809738,4.403388408,0.25,1
CAN,CAD,2021/7/1,1.254784211,1.643673329,-0.269969958,3.717201166,4.748481353,4.460012989,0.25,1
CAN,CAD,2021/8/1,1.260394737,1.656788871,-0.273456358,4.087591241,5.354076358,5.267971425,0.25,1
CAN,CAD,2021/9/1,1.268658824,1.64159088,-0.257705522,4.38276114,4.88634343,5.250028899,0.25,1
CAN,CAD,2021/10/1,1.243685,1.672259285,-0.296096831,4.654545455,7.3989222,5.150823177,0.25,1
CAN,CAD,2021/11/1,1.254311111,1.708150649,-0.308824787,4.720406681,8.115112176,5.123985631,0.25,1
CAN,CAD,2021/12/1,1.278930769,1.626532185,-0.240425863,4.80349345,7.984845824,5.271759716,0.25,1
CAN,CAD,2022/1/1,1.262052632,1.547304513,-0.203774925,5.13748191,8.295820241,4.766331468,0.25,1
CAN,CAD,2022/2/1,1.271788889,1.668314192,-0.271389168,5.687544996,8.276945913,4.697256105,0.25,1
CAN,CAD,2022/3/1,1.265786957,1.590819411,-0.228555207,6.661891117,8.518148357,4.737178541,0.5,1
CAN,CAD,2022/4/1,1.263005263,1.619350605,-0.248531197,6.771204562,9.450562579,4.821809681,1,1
CAN,CAD,2022/5/1,1.286216667,1.660336303,-0.255315081,7.730496454,9.095469441,4.925705152,1,1
CAN,CAD,2022/6/1,1.276225,1.625407466,-0.241852031,8.132956153,9.181495603,4.852164004,1.5,1
CAN,CAD,2022/7/1,1.293958824,1.545758851,-0.17780858,7.589599438,8.264493303,4.868376017,2.5,1
CAN,CAD,2022/8/1,1.292168182,1.545449421,-0.178993187,7.012622721,7.803983652,4.919908763,2.5,1
CAN,CAD,2022/9/1,1.332031579,1.669216284,-0.225648945,6.857942617,8.31955486,4.691866126,3.25,1
CAN,CAD,2022/10/1,1.369772222,1.677587929,-0.202712541,6.879777623,8.406843746,4.724396067,3.75,1
CAN,CAD,2022/11/1,1.345815789,1.588943477,-0.166068952,6.796116505,8.208051219,4.846742192,3.75,1
CAN,CAD,2022/12/1,1.359835294,1.673520845,-0.207566113,6.319444444,8.121215036,4.882753847,4.25,1
CHN,CNY,2019/1/1,6.787638095,6.251650606,0.082257505,1.711023552,8.4,21.3224521,4.35,0.162561476
CHN,CNY,2019/2/1,6.735614286,6.214536745,0.08051783,1.50234252,8,21.33787609,4.35,0.162561476
CHN,CNY,2019/3/1,6.711614286,6.236488963,0.073422143,2.279205478,8.6,21.39586132,4.35,0.162561476
CHN,CNY,2019/4/1,6.716666667,6.151078006,0.087964648,2.568977347,8.5,21.36919497,4.35,0.162561476
CHN,CNY,2019/5/1,6.870263158,5.475836906,0.226857287,2.764535151,8.5,21.41011162,4.35,0.162561476
CHN,CNY,2019/6/1,6.901373684,6.325637795,0.08710961,2.669205253,8.5,21.53575539,4.35,0.162561476
CHN,CNY,2019/7/1,6.877472727,5.808993856,0.168843867,2.756640809,8.1,21.43149669,4.35,0.162561476
CHN,CNY,2019/8/1,7.062122727,5.654960692,0.222212517,2.832859728,8.2,21.45454405,4.25,0.162561476
CHN,CNY,2019/9/1,7.115873684,6.336703154,0.115969393,3.00187682,8.4,21.35289253,4.2,0.162561476
CHN,CNY,2019/10/1,7.083117647,5.803457454,0.199260304,3.745316474,8.4,21.44177147,4.2,0.162561476
CHN,CNY,2019/11/1,7.018315789,5.136025678,0.312243707,4.511284501,8.2,21.3757021,4.15,0.162561476
CHN,CNY,2019/12/1,7.020547368,5.809011982,0.189430686,4.413150792,8.7,21.46174763,4.15,0.162561476
CHN,CNY,2020/1/1,6.921033333,5.661361988,0.200900587,5.420534988,8.4,20.75676201,4.15,0.162561476
CHN,CNY,2020/2/1,6.999663158,5.75855851,0.195174843,5.180433804,8.8,20.69688944,4.05,0.162561476
CHN,CNY,2020/3/1,7.018072727,6.020514833,0.153315864,4.271148341,10.1,20.39097803,4.05,0.162561476
CHN,CNY,2020/4/1,7.0726,5.502171054,0.251085412,3.246756808,11.1,20.60010248,3.85,0.162561476
CHN,CNY,2020/5/1,7.111111765,5.47274772,0.261877782,2.411868504,11.1,20.66851933,3.85,0.162561476
CHN,CNY,2020/6/1,7.08581,5.568630364,0.240945064,2.506959461,11.1,20.74301061,3.85,0.162561476
CHN,CNY,2020/7/1,7.008028571,5.545944863,0.233989425,1.757640366,10.7,21.0253229,3.85,0.162561476
CHN,CNY,2020/8/1,6.929295238,5.72701151,0.190564268,2.387516426,10.4,21.09293349,3.85,0.162561476
CHN,CNY,2020/9/1,6.809035,5.64079948,0.1882246,1.730437402,10.9,20.94504866,3.85,0.162561476
CHN,CNY,2020/10/1,6.702206667,5.449857325,0.206847396,0.541511957,10.5,20.84895224,3.85,0.162561476
CHN,CNY,2020/11/1,6.608168421,5.382896945,0.205079829,-0.449645069,10.7,21.18526513,3.85,0.162561476
CHN,CNY,2020/12/1,6.544182353,5.274991011,0.215599489,0.269787041,10.1,21.44412247,3.85,0.162561476
CHN,CNY,2021/1/1,6.468547368,5.127761696,0.232282318,-0.221608894,9.4,17.77244116,3.85,0.162561476
CHN,CNY,2021/2/1,6.4596,5.206778769,0.21560601,-0.422835055,10.1,17.74108552,3.85,0.162561476
CHN,CNY,2021/3/1,6.509413043,5.332133791,0.199497796,0.321924115,9.4,17.54532018,3.85,0.162561476
CHN,CNY,2021/4/1,6.519138095,5.315536073,0.204108306,0.922645448,8.1,17.70131768,3.85,0.162561476
CHN,CNY,2021/5/1,6.43089375,5.158720128,0.220425014,1.644355091,8.3,17.83197089,3.85,0.162561476
CHN,CNY,2021/6/1,6.424490476,5.298313666,0.192728731,1.240202585,8.6,17.78769092,3.85,0.162561476
CHN,CNY,2021/7/1,6.47471,5.276430402,0.20465401,1.912559024,8.3,17.90826254,3.85,0.162561476
CHN,CNY,2021/8/1,6.476127273,5.503682806,0.162705219,0.641575035,8.2,18.11526661,3.85,0.162561476
CHN,CNY,2021/9/1,6.456194118,5.95089352,0.081498619,0.461363319,8.3,17.94348639,3.85,0.162561476
CHN,CNY,2021/10/1,6.411353333,5.570287919,0.140623633,1.432846599,8.7,18.04063486,3.85,0.162561476
CHN,CNY,2021/11/1,6.39007,5.593415879,0.133155053,2.477300573,8.5,18.0648417,3.85,0.162561476
CHN,CNY,2021/12/1,6.367164706,5.009884982,0.239741312,1.441905651,9,18.21755934,3.8,0.162561476
CHN,CNY,2022/1/1,6.35595,5.576209456,0.130882145,0.991080278,9.8,17.94736432,3.7,0.162561476
CHN,CNY,2022/2/1,6.341373333,5.234272208,0.191867549,0.985221675,9.2,17.90549209,3.7,0.162561476
CHN,CNY,2022/3/1,6.344891304,5.394904755,0.162195026,1.485148515,9.7,17.76086114,3.7,0.162561476
CHN,CNY,2022/4/1,6.433521053,5.471239355,0.162016822,2.184707051,10.5,17.38076636,3.7,0.162561476
CHN,CNY,2022/5/1,6.71745,5.676052745,0.168452566,2.087475149,11.1,17.4264601,3.7,0.162561476
CHN,CNY,2022/6/1,6.69609,5.547702148,0.188139959,2.49500998,11.4,17.11393474,3.7,0.162561476
CHN,CNY,2022/7/1,6.735365,5.303222002,0.239057442,2.686567164,12,17.29312611,3.7,0.162561476
CHN,CNY,2022/8/1,6.802173913,5.740931655,0.169620748,2.485089463,12.2,17.02192747,3.65,0.162561476
CHN,CNY,2022/9/1,7.03022,5.686701789,0.21208757,2.783300199,12.1,16.87457215,3.65,0.162561476
CHN,CNY,2022/10/1,7.225113333,5.859706697,0.20946337,2.171767029,11.8,17.00486072,3.65,0.162561476
CHN,CNY,2022/11/1,7.18082,5.971702107,0.184381586,1.573254671,12.4,17.36257912,3.65,0.162561476
CHN,CNY,2022/12/1,6.982929412,5.891974845,0.169877286,1.775147929,11.8,17.42255389,3.65,0.162561476
CMR,XAF,2019/1/1,574.5738391,585.2036139,-0.018331228,1.888489209,13.82378144,8.629915486,3.5,0.162561476
CMR,XAF,2019/2/1,577.8771314,454.3565662,0.240478993,2.250225023,10.34429207,8.814650684,3.5,0.162561476
CMR,XAF,2019/3/1,580.3657437,571.1145155,0.016068755,2.607913669,11.60168641,8.729637568,3.5,0.162561476
CMR,XAF,2019/4/1,583.6825128,424.5862323,0.318242069,2.598566308,11.84706339,8.770444332,3.5,0.162561476
CMR,XAF,2019/5/1,586.4827827,565.2301997,0.03691023,2.415026834,15.39534329,9.322157205,3.5,0.162561476
CMR,XAF,2019/6/1,580.8321675,556.6514965,0.042522482,2.59391771,16.37814596,9.751350234,3.5,0.162561476
CMR,XAF,2019/7/1,584.7157424,487.2984905,0.182248967,2.678571429,18.12479009,9.322866625,3.5,0.162561476
CMR,XAF,2019/8/1,589.5592315,480.1218433,0.20533528,2.765388046,15.8583398,9.243271991,3.5,0.162561476
CMR,XAF,2019/9/1,596.1129383,518.1541293,0.140157398,2.397868561,14.36754051,8.324468062,3.5,0.162561476
CMR,XAF,2019/10/1,593.4884682,500.8006014,0.169809763,2.387267905,13.72242839,8.451300173,3.5,0.162561476
CMR,XAF,2019/11/1,593.5750851,480.2234747,0.211912151,2.471315093,14.7682678,8.379885836,3.5,0.162561476
CMR,XAF,2019/12/1,590.2370551,482.9206643,0.20067186,2.376760563,6.867469402,9.377088113,3.5,0.162561476
CMR,XAF,2020/1/1,590.9328933,404.6467861,0.37868791,2.736098853,9.671432568,9.502861728,3.5,0.162561476
CMR,XAF,2020/2/1,601.5194865,472.2598003,0.241929673,2.552816901,14.12853917,9.233804083,3.5,0.162561476
CMR,XAF,2020/3/1,592.9067565,491.9151959,0.186730811,2.45398773,11.17465339,9.057606445,3.25,0.162561476
CMR,XAF,2020/4/1,603.9063147,527.272738,0.135701134,2.620087336,9.706134832,8.738401955,3.25,0.162561476
CMR,XAF,2020/5/1,601.6932906,473.7210646,0.239129154,2.358078603,10.85467003,9.51433043,3.25,0.162561476
CMR,XAF,2020/6/1,582.8350451,459.9380265,0.236812449,2.35396687,10.85700469,9.244197027,3.25,0.162561476
CMR,XAF,2020/7/1,572.2189731,476.1675433,0.183751964,2.52173913,8.875870623,9.453782718,3.25,0.162561476
CMR,XAF,2020/8/1,554.5753452,462.9611554,0.180559524,2.517361111,10.57059924,9.177214441,3.25,0.162561476
CMR,XAF,2020/9/1,556.2535992,450.0553235,0.211853788,2.428447528,12.50567373,9.395059061,3.25,0.162561476
CMR,XAF,2020/10/1,557.0674068,451.9248839,0.20917027,2.417962003,13.41192737,9.591062707,3.25,0.162561476
CMR,XAF,2020/11/1,554.1157943,471.3043556,0.161869604,2.153316107,10.93318393,9.48065799,3.25,0.162561476
CMR,XAF,2020/12/1,539.0071489,430.6364561,0.224464589,2.14961307,13.37577727,9.695210551,3.25,0.162561476
CMR,XAF,2021/1/1,538.957427,403.5584959,0.289315134,1.890034364,12.95279348,8.524420394,3.25,0.162561476
CMR,XAF,2021/2/1,542.2073252,420.4647956,0.254287692,1.888412017,10.0350294,8.631142798,3.25,0.162561476
CMR,XAF,2021/3/1,551.2666664,430.8589747,0.246437828,1.967493584,12.87169293,8.389395845,3.25,0.162561476
CMR,XAF,2021/4/1,547.5845431,425.8047348,0.251535994,1.70212766,15.26105924,9.150534977,3.25,0.162561476
CMR,XAF,2021/5/1,540.0643368,442.864577,0.198424247,2.218430034,17.03001635,9.356315712,3.25,0.162561476
CMR,XAF,2021/6/1,544.4941065,443.0886246,0.206087313,2.385008518,16.00619784,8.998189654,3.25,0.162561476
CMR,XAF,2021/7/1,554.8698093,442.9390739,0.225301279,2.544529262,17.44449352,8.799934408,3.25,0.162561476
CMR,XAF,2021/8/1,557.2265812,478.9500111,0.151375715,2.286198137,16.5451958,9.281858418,3.25,0.162561476
CMR,XAF,2021/9/1,557.2975937,460.566694,0.190641702,2.370872142,15.06832922,9.536202336,3.25,0.162561476
CMR,XAF,2021/10/1,565.4082198,456.8367932,0.213221783,2.19688775,14.86328353,9.64340089,3.25,0.162561476
CMR,XAF,2021/11/1,574.6928226,469.9944216,0.201114851,2.337822759,17.25413735,9.454732646,3.5,0.162561476
CMR,XAF,2021/12/1,580.2986688,464.9923735,0.221521913,3.451568183,17.04446881,9.547448071,3.5,0.162561476
CMR,XAF,2022/1/1,579.7502146,484.4608281,0.179560768,4.13153457,15.41893886,9.706922924,3.5,0.162561476
CMR,XAF,2022/2/1,578.3484249,478.5793099,0.189354554,4.465037911,16.21315653,9.232394091,3.5,0.162561476
CMR,XAF,2022/3/1,595.2986553,494.5931506,0.185327715,4.61409396,15.99319194,9.282678527,4,0.162561476
CMR,XAF,2022/4/1,606.3156999,521.7488071,0.150214548,5.523012552,12.46995039,9.645777996,4,0.162561476
CMR,XAF,2022/5/1,620.0850782,478.1913635,0.259845697,5.92654424,7.51362056,9.555583688,4,0.162561476
CMR,XAF,2022/6/1,620.8293468,496.6515275,0.223167612,5.990016639,9.303962637,9.57680582,4,0.162561476
CMR,XAF,2022/7/1,644.4278784,493.7097119,0.266415196,6.120760959,10.82232993,9.880315628,4,0.162561476
CMR,XAF,2022/8/1,647.6390618,522.8473072,0.214044072,7.119205298,11.39411956,9.739464091,4,0.162561476
CMR,XAF,2022/9/1,662.330425,526.099881,0.23027348,7.692307692,13.70081384,9.402143169,4.5,0.162561476
CMR,XAF,2022/10/1,667.5954134,562.1909574,0.171840748,7.750878005,11.11472099,9.705934605,4.5,0.162561476
CMR,XAF,2022/11/1,643.0148645,536.1032481,0.181841072,8.179224538,10.47219316,10.39954969,4.5,0.162561476
CMR,XAF,2022/12/1,619.4813482,528.0061919,0.159774582,7.322622534,11.66766882,11.55096606,4.5,0.162561476
COL,COP,2019/1/1,3161.91,2727.300472,0.147863994,3.154503551,8.192201661,14.83653817,4.25,0.417621493
COL,COP,2019/2/1,3115.15,2724.209946,0.134098847,3.017548461,7.934245378,15.22702734,4.25,0.417621493
COL,COP,2019/3/1,3125.34,2656.325368,0.16259935,3.215545521,8.604643974,15.46721398,4.25,0.417621493
COL,COP,2019/4/1,3155.22,2708.252379,0.152754676,3.251561587,9.167833925,15.55000137,4.25,0.417621493
COL,COP,2019/5/1,3310.49,2887.044549,0.136862883,3.313948282,9.503346094,15.68756033,4.25,0.417621493
COL,COP,2019/6/1,3256.02,2934.926006,0.103823349,3.430001309,8.64099691,15.8075424,4.25,0.417621493
COL,COP,2019/7/1,3208.11,2913.077665,0.09647184,3.787772465,7.102403003,15.7812576,4.25,0.417621493
COL,COP,2019/8/1,3412.65,2997.515707,0.129705268,3.751565175,7.180007691,15.95686804,4.25,0.417621493
COL,COP,2019/9/1,3399.62,3091.936419,0.094866093,3.820684268,7.773662754,15.92852655,4.25,0.417621493
COL,COP,2019/10/1,3437.73,3177.438704,0.078735936,3.861461414,6.921579259,15.98730452,4.25,0.417621493
COL,COP,2019/11/1,3411.42,3131.478798,0.085623274,3.846775327,8.614165992,16.02934227,4.25,0.417621493
COL,COP,2019/12/1,3383,3123.094703,0.079938488,3.8043,7.188804978,16.08816658,4.25,0.417621493
COL,COP,2020/1/1,3317.37,2986.828789,0.104960081,3.622320412,6.218004643,19.32328874,4.25,0.417621493
COL,COP,2020/2/1,3408.24,3093.509674,0.096889766,3.720022772,5.959256577,19.40168339,4.25,0.417621493
COL,COP,2020/3/1,3870.01,3492.817821,0.102548282,3.855487609,14.59406846,19.2745436,3.75,0.417621493
COL,COP,2020/4/1,3986.56,3490.895966,0.132770277,3.50518654,19.1675809,19.45422495,3.75,0.417621493
COL,COP,2020/5/1,3863.34,3218.677468,0.182561543,2.851971957,20.63906594,20.39018469,3.25,0.417621493
COL,COP,2020/6/1,3693,3369.903242,0.091555103,2.191786423,21.98956271,20.65954134,2.75,0.417621493
COL,COP,2020/7/1,3660.6,3262.773737,0.115049395,1.969978687,21.05982151,20.77971137,2.5,0.417621493
COL,COP,2020/8/1,3788.1,3274.110093,0.145818469,1.878044093,19.33502745,20.85883192,2.25,0.417621493
COL,COP,2020/9/1,3749.86,3273.712143,0.135793953,1.967506176,19.97279062,20.78685988,1.75,0.417621493
COL,COP,2020/10/1,3833.06,3515.709273,0.08642215,1.748197996,20.87584463,20.76533133,1.75,0.417621493
COL,COP,2020/11/1,3680.67,4009.788131,-0.085643604,1.489446574,17.55676862,20.89084369,1.75,0.417621493
COL,COP,2020/12/1,3468.5,3166.204287,0.091188739,1.61043425,19.93106947,21.54547478,1.75,0.417621493
COL,COP,2021/1/1,3494.53,3034.978263,0.140994626,1.597237211,21.46604554,18.27942999,1.75,0.417621493
COL,COP,2021/2/1,3552.43,2986.511361,0.173525939,1.56307473,22.29113432,18.264676,1.75,0.417621493
COL,COP,2021/3/1,3617,3049.159283,0.170779045,1.506528702,14.399863,18.24543559,1.75,0.417621493
COL,COP,2021/4/1,3651.85,3009.548362,0.193443867,1.947784098,10.71218006,18.2904896,1.75,0.417621493
COL,COP,2021/5/1,3741.96,3184.244477,0.16139449,3.295654072,9.873280319,18.30299241,1.75,0.417621493
COL,COP,2021/6/1,3693,3196.77369,0.144297056,3.634775252,9.914393557,18.23727922,1.75,0.417621493
COL,COP,2021/7/1,3832.24,3203.893517,0.179082694,3.970063286,11.99278736,18.222766,1.75,0.417621493
COL,COP,2021/8/1,3887.68,3609.421605,0.07426504,4.44102311,12.9796873,18.21288521,1.75,0.417621493
COL,COP,2021/9/1,3820.28,3394.660464,0.118119973,4.510116397,12.215581,18.17687557,1.75,0.417621493
COL,COP,2021/10/1,3771.68,3302.649609,0.132795467,4.583473496,12.56122532,18.19733992,2,0.417621493
COL,COP,2021/11/1,3900.51,3551.236861,0.09381136,5.258895365,16.19557033,18.11508602,2.5,0.417621493
COL,COP,2021/12/1,3967.77,3486.710606,0.129245452,5.622700899,16.61760023,18.12890861,3,0.417621493
COL,COP,2022/1/1,4000.72,3483.793447,0.138352574,6.944550669,17.08237133,16.61722371,4,0.417621493
COL,COP,2022/2/1,3938.36,3407.588553,0.144759521,8.00518667,17.16410403,16.61713305,4,0.417621493
COL,COP,2022/3/1,3805.52,3404.013357,0.11149751,8.5278822,14.89493839,16.53526002,4,0.417621493
COL,COP,2022/4/1,3796.39,3319.374853,0.134274147,9.234082911,14.33246149,16.38209442,5,0.417621493
COL,COP,2022/5/1,4027.6,3135.442814,0.250400253,9.066719101,15.13832879,16.42968102,6,0.417621493
COL,COP,2022/6/1,3922.5,3261.453013,0.1845564,9.673851992,15.74873263,16.29648199,6,0.417621493
COL,COP,2022/7/1,4394.01,3641.79078,0.187766717,10.20585438,15.54504594,16.35266753,7.5,0.417621493
COL,COP,2022/8/1,4326.77,3113.901676,0.328944807,10.83597799,16.18916469,16.248692,9,0.417621493
COL,COP,2022/9/1,4437.31,3667.980028,0.190407228,11.43986049,16.5612559,16.06045433,10,0.417621493
COL,COP,2022/10/1,4714.96,3578.508931,0.275794219,12.22173763,16.61707761,16.07716837,11,0.417621493
COL,COP,2022/11/1,4922.3,3735.866078,0.275796228,12.53147516,12.93250328,16.24627482,11,0.417621493
COL,COP,2022/12/1,4787.89,3761.910533,0.241162864,13.1224721,12.38816946,16.32706559,12,0.417621493
EUR,EUR,2019/1/1,0.875932171,1.101080445,-0.228758542,1.388341867,4.139446216,2.781068954,0,1
EUR,EUR,2019/2/1,0.880968008,1.069308321,-0.193745977,1.493417174,4.497883007,2.775276778,0,1
EUR,EUR,2019/3/1,0.884761873,1.046276899,-0.167674793,1.399280925,5.011239052,2.812825564,0,1
EUR,EUR,2019/4/1,0.889818255,1.194893152,-0.294794814,1.722802942,5.094129326,2.834006274,0,1
EUR,EUR,2019/5/1,0.894087239,1.123293399,-0.228216831,1.221506204,5.029765539,2.850550518,0,1
EUR,EUR,2019/6/1,0.885472931,1.217640793,-0.318548601,1.268133346,4.742985089,2.84793737,0,1
EUR,EUR,2019/7/1,0.891393403,1.080557286,-0.192446333,1.020702937,5.277848267,2.890532403,0,1
EUR,EUR,2019/8/1,0.898777254,1.337162777,-0.397270085,1.009518316,6.143510909,2.901013686,0,1
EUR,EUR,2019/9/1,0.908768316,1.420152558,-0.446429396,0.833173722,5.724256606,2.839998405,0,1
EUR,EUR,2019/10/1,0.904767337,1.295660525,-0.359098078,0.726022163,5.82223013,2.856710656,0,1
EUR,EUR,2019/11/1,0.904899384,1.228863775,-0.306021502,0.960614793,5.903006047,2.824192858,0,1
EUR,EUR,2019/12/1,0.89981059,1.251995631,-0.330309776,1.32628544,5.083348552,2.844059098,0,1
EUR,EUR,2020/1/1,0.900871388,1.179742653,-0.269689099,1.359619307,5.280959554,2.926744491,0,1
EUR,EUR,2020/2/1,0.917010546,1.237545956,-0.299766657,1.219748306,5.683933333,2.923249454,0,1
EUR,EUR,2020/3/1,0.903880523,1.148043428,-0.239117218,0.747484427,7.372705281,2.958838237,0,1
EUR,EUR,2020/4/1,0.920649242,1.105880348,-0.183317873,0.313986679,8.137487741,2.987354126,0,1
EUR,EUR,2020/5/1,0.917275508,1.086483766,-0.169293986,0.085518814,9.113033046,3.011328682,0,1
EUR,EUR,2020/6/1,0.888526298,1.089265165,-0.203694342,0.265629447,9.176488875,3.02449933,0,1
EUR,EUR,2020/7/1,0.872342201,1.086932211,-0.219932743,0.390811171,9.47457696,3.084584956,0,1
EUR,EUR,2020/8/1,0.845444664,1.068577289,-0.234220688,-0.171330668,8.640512045,3.105359476,0,1
EUR,EUR,2020/9/1,0.848003145,1.047442984,-0.211222875,-0.313420078,9.553015476,3.110420854,0,1
EUR,EUR,2020/10/1,0.849243787,1.046846588,-0.209191383,-0.275037936,10.0394399,3.147867922,0,1
EUR,EUR,2020/11/1,0.844744083,1.051749805,-0.219176816,-0.285442436,10.12939484,3.150339401,0,1
EUR,EUR,2020/12/1,0.821711101,1.04095625,-0.236506166,-0.265579057,11.54818752,3.189953431,0,1
EUR,EUR,2021/1/1,0.821635301,1.019114332,-0.215392604,0.910223244,11.97112301,3.009866068,0,1
EUR,EUR,2021/2/1,0.826589739,1.043243321,-0.232781229,0.937260903,11.64652671,2.796218067,0,1
EUR,EUR,2021/3/1,0.840400615,1.033007156,-0.206350696,1.331684581,9.356292645,2.762391416,0,1
EUR,EUR,2021/4/1,0.834787254,1.008708045,-0.18924872,1.621929242,8.566197445,2.793425435,0,1
EUR,EUR,2021/5/1,0.823322774,0.989290786,-0.183639993,1.984240008,7.705408508,2.815516986,0,1
EUR,EUR,2021/6/1,0.830075914,1.027195638,-0.213070527,1.901788249,7.706314701,3.003017335,0,1
EUR,EUR,2021/7/1,0.845893571,1.081125848,-0.24536468,2.164830991,8.154444841,3.012706714,0,1
EUR,EUR,2021/8/1,0.849486447,1.077613597,-0.237872256,2.955758963,8.317676502,3.975559491,0,1
EUR,EUR,2021/9/1,0.849594705,1.052954271,-0.214595666,3.363185976,7.842350538,3.951347967,0,1
EUR,EUR,2021/10/1,0.861959274,1.091594781,-0.236186984,4.051355207,7.854754794,3.990330274,0,1
EUR,EUR,2021/11/1,0.87611356,1.0386238,-0.170156129,4.866412214,7.525012447,3.971298392,0,1
EUR,EUR,2021/12/1,0.884659618,1.070595763,-0.190767602,4.964336662,7.166637637,3.971097585,0,1
EUR,EUR,2022/1/1,0.883823505,1.068586709,-0.189834833,5.10824155,6.659295955,4.044183266,0,1
EUR,EUR,2022/2/1,0.88168649,1.047609909,-0.172430032,5.874549934,6.491273196,4.065305071,0,1
EUR,EUR,2022/3/1,0.90752695,1.097928982,-0.190457678,7.443912513,6.573671741,4.010002867,0,1
EUR,EUR,2022/4/1,0.924322326,1.10307473,-0.17679592,7.438865036,6.834089238,3.92331436,0,1
EUR,EUR,2022/5/1,0.945313608,1.126813227,-0.175632042,8.052504189,6.354234119,3.943587686,0,1
EUR,EUR,2022/6/1,0.946448238,1.124316773,-0.172214536,8.644382544,6.297544365,3.901464679,0,1
EUR,EUR,2022/7/1,0.982423967,1.178253386,-0.181765486,8.866171004,5.918315477,3.919702309,0.5,1
EUR,EUR,2022/8/1,0.987319385,1.164483573,-0.165039404,9.140581589,6.102727151,3.879932844,0.5,1
EUR,EUR,2022/9/1,1.009716224,1.174649628,-0.151300589,9.927182229,6.210233618,3.837457697,1.25,1
EUR,EUR,2022/10/1,1.017742647,1.247919103,-0.203890363,10.62060141,4.772050604,3.871917455,1.25,1
EUR,EUR,2022/11/1,0.980269842,1.213341544,-0.213305557,10.05459509,4.52720073,3.964731692,2,1
EUR,EUR,2022/12/1,0.944393227,1.168023407,-0.21252557,9.196339585,3.788092996,4.043775877,2.5,1
GBR,GBP,2019/1/1,0.775757934,0.965936967,-0.21925805,1.818181818,0.868515758,5.674715686,0.75,1
GBR,GBP,2019/2/1,0.768655056,1.007993955,-0.271075144,1.811248808,1.634110658,5.48656787,0.75,1
GBR,GBP,2019/3/1,0.759293206,1.094042131,-0.365246485,1.807802093,2.637120979,5.27072164,0.75,1
GBR,GBP,2019/4/1,0.766683023,1.083579151,-0.345951423,1.990521327,3.003271167,5.395592933,0.75,1
GBR,GBP,2019/5/1,0.77873389,1.415691728,-0.597704162,1.888574127,2.26942254,5.023111571,0.75,1
GBR,GBP,2019/6/1,0.788834832,1.08288505,-0.316827141,1.888574127,2.444111453,5.143121367,0.75,1
GBR,GBP,2019/7/1,0.80191585,1.106049087,-0.321545887,1.983002833,2.713572577,5.402857113,0.75,1
GBR,GBP,2019/8/1,0.823307075,1.209423241,-0.384569617,1.690140845,3.460961691,5.347914853,0.75,1
GBR,GBP,2019/9/1,0.808987855,1.01723924,-0.229063705,1.688555347,3.754060666,5.053611804,0.75,1
GBR,GBP,2019/10/1,0.791362637,1.047360829,-0.280272466,1.499531396,3.694625957,5.612819651,0.75,1
GBR,GBP,2019/11/1,0.776243675,1.03403109,-0.286753637,1.496725912,4.587795989,5.435884541,0.75,1
GBR,GBP,2019/12/1,0.761566288,0.972875181,-0.244878574,1.307189542,3.763017491,5.551054361,0.75,1
GBR,GBP,2020/1/1,0.764982733,1.001515513,-0.269416382,1.785714286,4.826243345,5.69073444,0.75,1
GBR,GBP,2020/2/1,0.771523475,1.190122964,-0.433444813,1.685393258,4.937218116,5.593402443,0.75,1
GBR,GBP,2020/3/1,0.807687719,0.946767632,-0.158878193,1.495327103,8.237979539,5.71261313,0.1,1
GBR,GBP,2020/4/1,0.805842357,0.962988305,-0.17815313,0.92936803,9.615709345,5.79604243,0.1,1
GBR,GBP,2020/5/1,0.81276816,0.961904329,-0.168469093,0.648748842,11.9326183,5.824759718,0.1,1
GBR,GBP,2020/6/1,0.798597373,0.971989302,-0.196487894,0.834105653,13.14215967,5.758596809,0.1,1
GBR,GBP,2020/7/1,0.788439228,0.952007554,-0.188517639,1.111111111,13.63187125,5.863332391,0.1,1
GBR,GBP,2020/8/1,0.762139937,0.973557049,-0.244826242,0.461680517,12.22978215,5.822275832,0.1,1
GBR,GBP,2020/9/1,0.771840183,0.929254944,-0.185605618,0.73800738,12.46179864,5.575317453,0.1,1
GBR,GBP,2020/10/1,0.771025593,0.977276419,-0.23704797,0.831024931,11.82247682,5.677758738,0.1,1
GBR,GBP,2020/11/1,0.757491189,0.963538785,-0.240600836,0.552995392,11.64644154,5.969831575,0.1,1
GBR,GBP,2020/12/1,0.747656975,0.960608936,-0.250623108,0.829493088,12.17407663,5.97280585,0.1,1
GBR,GBP,2021/1/1,0.732970963,0.940066213,-0.248844225,0.923361034,12.15870094,4.929566218,0.1,1
GBR,GBP,2021/2/1,0.721763839,0.92153956,-0.244347713,0.73664825,12.53463516,4.894173066,0.1,1
GBR,GBP,2021/3/1,0.721653528,0.952577238,-0.277626048,1.012891344,9.704902322,4.905108131,0.1,1
GBR,GBP,2021/4/1,0.722503578,0.957793786,-0.281910128,1.657458564,8.11273052,4.911299444,0.1,1
GBR,GBP,2021/5/1,0.710267909,0.953897605,-0.294914098,2.209944751,6.338509663,4.844086461,0.1,1
GBR,GBP,2021/6/1,0.712746829,0.964089187,-0.302057529,2.389705882,5.865715405,4.768640407,0.1,1
GBR,GBP,2021/7/1,0.724358173,1.003862934,-0.326324787,2.014652015,5.015471414,4.81472669,0.1,1
GBR,GBP,2021/8/1,0.724518928,0.996715558,-0.318957545,3.033088235,6.078460742,5.536164887,0.1,1
GBR,GBP,2021/9/1,0.728575099,0.966435578,-0.282523934,2.93040293,5.872600983,5.59396879,0.1,1
GBR,GBP,2021/10/1,0.729977626,0.946748284,-0.26001937,3.846153846,6.986186656,5.558177126,0.1,1
GBR,GBP,2021/11/1,0.742018662,0.955614691,-0.252980395,4.582951421,7.042103926,5.567872019,0.1,1
GBR,GBP,2021/12/1,0.753424202,0.961426306,-0.243789499,4.844606947,6.452015773,5.598587216,0.25,1
GBR,GBP,2022/1/1,0.738166511,0.94929834,-0.251553698,4.849039341,5.508830549,5.387934955,0.25,1
GBR,GBP,2022/2/1,0.738849689,0.941337348,-0.242207072,5.484460695,5.81394246,5.408983316,0.5,1
GBR,GBP,2022/3/1,0.758965695,0.95774492,-0.232624901,6.198723792,5.191904067,5.477584637,0.75,1
GBR,GBP,2022/4/1,0.772777097,0.945880797,-0.202125908,7.789855072,4.704572372,5.177892215,0.75,1
GBR,GBP,2022/5/1,0.803845597,1.008698078,-0.227008539,7.837837838,4.879003051,5.108766033,1,1
GBR,GBP,2022/6/1,0.812837702,1.04469444,-0.250948258,8.168761221,3.870326943,5.022409514,1.25,1
GBR,GBP,2022/7/1,0.834452891,1.030905842,-0.211416863,8.797127469,4.151748449,4.942032693,1.25,1
GBR,GBP,2022/8/1,0.833210245,1.062703166,-0.243285092,8.652988403,3.896437354,4.915755981,1.75,1
GBR,GBP,2022/9/1,0.883466369,1.14844564,-0.262311464,8.807829181,5.324417658,4.58079723,2.25,1
GBR,GBP,2022/10/1,0.885357297,1.138816503,-0.251753558,9.611992945,4.671967486,4.731674723,2.25,1
GBR,GBP,2022/11/1,0.854509138,1.07243451,-0.22715939,9.377738826,2.154757435,4.982021905,3,1
GBR,GBP,2022/12/1,0.81918236,1.032038946,-0.230984962,9.241499564,1.354846949,5.065901516,3.5,1
GHA,GHS,2019/1/1,4.8947,4.177885529,0.158347723,5.879457622,19.73167961,7.951160689,16,0
GHA,GHS,2019/2/1,5.0162,4.718114664,0.061263391,6.09361196,22.70186941,7.664853757,16,0
GHA,GHS,2019/3/1,5.1797,4.517900802,0.136699678,6.529017632,21.39949205,12.84794665,16,0
GHA,GHS,2019/4/1,5.0865,4.478028017,0.127407197,6.455862227,18.60597462,11.90490087,16,0
GHA,GHS,2019/5/1,5.1083,4.139183898,0.210368025,7.018106375,18.34535606,11.29015448,16,0
GHA,GHS,2019/6/1,5.2402,4.316095192,0.194008563,7.502123546,21.27101591,10.75373569,16,0
GHA,GHS,2019/7/1,5.256,4.037790595,0.263672621,7.490365018,14.41841665,10.29641247,16,0
GHA,GHS,2019/8/1,5.2701,4.016811718,0.271560855,7.695136025,11.1971256,10.42275374,16,0
GHA,GHS,2019/9/1,5.3067,3.955328897,0.293906416,7.543889711,15.65440068,9.965243465,16,0
GHA,GHS,2019/10/1,5.3235,4.309779124,0.211244326,7.616369645,15.82335782,10.08973267,16,0
GHA,GHS,2019/11/1,5.3888,3.823540303,0.343145951,8.032251484,18.01003764,9.668812632,16,0
GHA,GHS,2019/12/1,5.5377,3.723624003,0.396881864,7.759145672,21.35458953,10.43882103,16,0
GHA,GHS,2020/1/1,5.5274,3.806538238,0.372997365,7.726796646,16.98961309,10.10498987,16,0
GHA,GHS,2020/2/1,5.3194,3.740526313,0.352134188,7.703993371,14.38824181,11.1679264,16,0
GHA,GHS,2020/3/1,5.3566,4.040754059,0.281898123,7.721306382,13.58306492,12.32214158,14.5,0
GHA,GHS,2020/4/1,5.5153,3.977980155,0.326751857,10.51993864,16.21764107,13.17209013,14.5,0
GHA,GHS,2020/5/1,5.6109,3.911463453,0.360799546,11.20398666,20.39015117,12.47402812,14.5,0
GHA,GHS,2020/6/1,5.6427,4.198609406,0.295609298,11.10170743,20.17201891,11.576728,14.5,0
GHA,GHS,2020/7/1,5.6724,4.163428021,0.30927353,11.33464711,23.84850954,11.05761045,14.5,0
GHA,GHS,2020/8/1,5.6815,4.411705891,0.252953844,10.44649312,24.68452501,10.51497828,14.5,0
GHA,GHS,2020/9/1,5.6865,4.407603215,0.254763892,10.3040519,26.90948883,10.59470415,14.5,0
GHA,GHS,2020/10/1,5.7029,4.443589031,0.249512427,10.13934514,30.11085691,10.79331752,14.5,0
GHA,GHS,2020/11/1,5.712,4.427978865,0.254625983,9.753874202,29.35961827,10.17070402,14.5,0
GHA,GHS,2020/12/1,5.7209,4.30852046,0.283531571,10.47318896,28.36115161,10.50264604,14.5,0
GHA,GHS,2021/1/1,5.7608,4.229957311,0.308884453,9.938857515,37.81827194,9.531617783,14.5,0
GHA,GHS,2021/2/1,5.7575,4.134610746,0.331110165,10.28596815,38.82076271,9.398120277,14.5,0
GHA,GHS,2021/3/1,5.7275,4.121196412,0.329135623,10.33105286,38.19884981,8.838721874,14.5,0
GHA,GHS,2021/4/1,5.7308,4.164948989,0.319151109,8.523163067,35.97924888,12.15858394,14.5,0
GHA,GHS,2021/5/1,5.7333,4.238923296,0.301981984,7.522708761,31.92194591,12.75184532,13.5,0
GHA,GHS,2021/6/1,5.7524,4.419581794,0.263572084,7.812260325,30.83327023,12.35510121,13.5,0
GHA,GHS,2021/7/1,5.7848,4.453466323,0.261551046,8.962655602,30.40797236,11.93412218,13.5,0
GHA,GHS,2021/8/1,5.8264,4.684364077,0.218169144,9.677944574,29.41210762,14.1067389,13.5,0
GHA,GHS,2021/9/1,5.8592,4.703927956,0.219615181,10.57950275,23.72811997,13.10019536,13.5,0
GHA,GHS,2021/10/1,5.8818,4.651459305,0.234681838,11.03532332,23.53667409,13.17099403,13.5,0
GHA,GHS,2021/11/1,5.907,4.865180028,0.194034369,12.2923588,21.86383033,12.43967431,14.5,0
GHA,GHS,2021/12/1,5.9469,4.848527198,0.204195087,12.62296579,21.30345322,11.82869532,14.5,0
GHA,GHS,2022/1/1,6.014,4.866626707,0.211689055,13.89568052,16.22355389,12.83922541,14.5,0
GHA,GHS,2022/2/1,6.3076,5.087832213,0.214903407,15.73624595,16.93018942,12.5436395,14.5,0
GHA,GHS,2022/3/1,7.0465,5.824119228,0.190523257,19.35834638,18.45976848,11.57549916,17,0
GHA,GHS,2022/4/1,7.1123,5.784279048,0.206681951,23.63338721,19.06220128,10.77807566,17,0
GHA,GHS,2022/5/1,7.126,5.993520023,0.173071178,27.61621071,17.58861714,9.883064208,19,0
GHA,GHS,2022/6/1,7.1908,6.180453569,0.151410769,29.81654927,18.37991958,9.279590518,19,0
GHA,GHS,2022/7/1,7.3908,6.209927755,0.174086721,31.75932978,21.18104111,8.753198834,19,0
GHA,GHS,2022/8/1,8.0588,7.183948069,0.11491556,33.91568553,22.65914862,7.780938503,22,0
GHA,GHS,2022/9/1,8.7472,8.129673245,0.073212918,35.71773585,26.66822524,6.973919673,22,0
GHA,GHS,2022/10/1,11.1671,9.656898796,0.145299394,38.54925894,42.36516153,7.176412346,24.5,0
GHA,GHS,2022/11/1,13.073,10.96993298,0.17539087,48.332573,45.79050803,6.432392891,27,0
GHA,GHS,2022/12/1,10.0347,9.020525373,0.106546509,52.14056623,32.02709978,6.353152589,27,0
IND,INR,2019/1/1,70.73286957,68.52623818,0.03169367,1.972242513,10.03123548,13.33071057,6.5,0.162561476
IND,INR,2019/2/1,71.22176842,65.33081022,0.086334757,2.565982405,10.43108315,13.38633908,6.25,0.162561476
IND,INR,2019/3/1,69.47864737,65.63810785,0.056863034,2.857142857,12.81845743,13.7631137,6.25,0.162561476
IND,INR,2019/4/1,69.42740556,67.03503686,0.035066262,2.99051787,10.51424514,13.9736683,6,0.162561476
IND,INR,2019/5/1,69.77312273,69.05983098,0.01027563,3.047895501,10.10051288,14.08198489,6,0.162561476
IND,INR,2019/6/1,69.43886316,71.0100689,-0.022374984,3.176895307,10.14773343,14.31569725,5.75,0.162561476
IND,INR,2019/7/1,68.80830435,63.83387006,0.075040512,3.147353362,10.12062226,14.23733539,5.75,0.162561476
IND,INR,2019/8/1,71.145695,67.64761455,0.050417724,3.276353276,10.09649506,14.15600001,5.4,0.162561476
IND,INR,2019/9/1,71.33366316,68.03911236,0.047285628,3.994293866,10.03941931,14.36914907,5.4,0.162561476
IND,INR,2019/10/1,71.03944737,63.64504251,0.109913884,4.694167852,10.00701322,14.75893061,5.15,0.162561476
IND,INR,2019/11/1,71.451695,63.49704255,0.118028296,5.539772727,10.13505616,14.98280465,5.15,0.162561476
IND,INR,2019/12/1,71.19260476,67.44208873,0.054119662,7.351891506,11.09936669,15.24818273,5.15,0.162561476
IND,INR,2020/1/1,71.31378261,66.20314157,0.074361696,7.593123209,10.21505828,16.54849367,5.15,0.162561476
IND,INR,2020/2/1,71.48851667,63.80575971,0.113693367,6.576125804,9.573042579,16.88702423,5.15,0.162561476
IND,INR,2020/3/1,74.3507,68.07965641,0.08811465,5.84045584,8.872511572,16.73092358,4.4,0.162561476
IND,INR,2020/4/1,76.23648824,65.0658186,0.158440845,7.223796034,10.39515285,16.7900129,4.4,0.162561476
IND,INR,2020/5/1,75.65987778,62.92006922,0.184382826,6.267605634,11.59944557,17.23323522,4,0.162561476
IND,INR,2020/6/1,75.72683636,66.88676899,0.124131432,6.228131561,11.89568646,17.64936181,4,0.162561476
IND,INR,2020/7/1,74.9933913,68.89868962,0.084762834,6.726768377,13.21901304,18.589786,4,0.162561476
IND,INR,2020/8/1,74.67192381,68.20480316,0.090589179,6.689655172,12.68567397,18.89089809,4,0.162561476
IND,INR,2020/9/1,73.48174091,65.67747769,0.112280891,7.270233196,13.35280506,19.01140495,4,0.162561476
IND,INR,2020/10/1,73.45811,64.97685689,0.122684153,7.608695652,12.06881922,19.58873084,4,0.162561476
IND,INR,2020/11/1,74.21978947,67.82772815,0.090059738,6.931359354,12.18040156,20.18509841,4,0.162561476
IND,INR,2020/12/1,73.59364545,67.64050661,0.084351669,4.587765957,11.6968609,20.52774763,4,0.162561476
IND,INR,2021/1/1,73.109395,66.58300411,0.09350753,4.061251664,13.12678785,17.49467598,4,0.162561476
IND,INR,2021/2/1,72.75646316,64.11836997,0.126386837,5.030181087,13.40094024,17.34614467,4,0.162561476
IND,INR,2021/3/1,72.7928,64.26883291,0.124542249,5.518169583,11.74539418,17.15306665,4,0.162561476
IND,INR,2021/4/1,74.47221176,66.17690839,0.118094473,4.227212682,11.05161603,17.45153304,4,0.162561476
IND,INR,2021/5/1,73.26774211,70.50651908,0.038415257,6.295559973,10.33062532,17.70570709,4,0.162561476
IND,INR,2021/6/1,73.55825909,65.2281274,0.120186955,6.258234519,10.6706357,18.17055059,4,0.162561476
IND,INR,2021/7/1,74.52696667,68.76298558,0.080495429,5.588044185,9.905497022,18.39666029,4,0.162561476
IND,INR,2021/8/1,74.18459,68.15797566,0.084728264,5.300581771,9.665194346,19.04277351,4,0.162561476
IND,INR,2021/9/1,73.56340952,68.83862989,0.066382681,4.347826087,9.343613064,18.88241079,4,0.162561476
IND,INR,2021/10/1,74.91528421,68.31723713,0.092195823,4.482323232,9.663065719,19.01551605,4,0.162561476
IND,INR,2021/11/1,74.49651053,70.48704756,0.055323315,4.90874764,9.525341791,18.92492718,4,0.162561476
IND,INR,2021/12/1,75.37252174,69.48157053,0.08138123,5.594405594,11.40196945,18.76557087,4,0.162561476
IND,INR,2022/1/1,74.4416,67.21993129,0.102045125,6.014075496,8.399587298,17.66291933,4,0.162561476
IND,INR,2022/2/1,75.00312632,68.15967245,0.09567672,6.066411239,8.725441398,17.65208698,4,0.162561476
IND,INR,2022/3/1,76.24447143,70.20519999,0.082522525,6.951530612,9.143122933,16.88135943,4,0.162561476
IND,INR,2022/4/1,76.16783333,70.28251006,0.080416261,7.794676806,9.491278309,16.57590524,4,0.162561476
IND,INR,2022/5/1,77.319275,70.53914756,0.091775437,7.044887781,8.781900087,16.80241303,4.4,0.162561476
IND,INR,2022/6/1,78.07457727,71.64306331,0.085968153,7.005579665,7.798665554,16.40037168,4.9,0.162561476
IND,INR,2022/7/1,79.60155238,72.97334213,0.086939397,6.707692308,7.946411241,15.97947743,4.9,0.162561476
IND,INR,2022/8/1,79.55504737,76.75786369,0.035793362,6.998158379,8.83360421,15.56569338,5.4,0.162561476
IND,INR,2022/9/1,80.23155455,77.00151938,0.041091732,7.414215686,8.924870987,14.79896637,5.9,0.162561476
IND,INR,2022/10/1,82.34011667,80.1085252,0.027476153,6.767371601,9.326788815,14.84005186,5.9,0.162561476
IND,INR,2022/11/1,81.81051905,79.37884031,0.030173992,5.878824235,10.02705355,15.34228929,5.9,0.162561476
IND,INR,2022/12/1,82.46421364,80.45204243,0.024703164,5.779650813,6.805410549,15.58286642,6.25,0.162561476
KEN,KES,2019/1/1,101.5844444,102.6219127,-0.010161067,4.6978889,10.27851072,8.194141689,9,0.701224625
KEN,KES,2019/2/1,100.2336944,91.49927497,0.091173355,4.136643325,10.13107868,8.525021114,9,0.701224625
KEN,KES,2019/3/1,100.3616672,87.08232562,0.141926391,4.289935588,12.20543129,8.419702655,9,0.701224625
KEN,KES,2019/4/1,101.0656667,88.16630567,0.136545603,3.71724231,10.66909165,8.043445827,9,0.701224625
KEN,KES,2019/5/1,101.1506692,81.44050619,0.216738411,3.488599614,8.819672054,10.06892764,9,0.701224625
KEN,KES,2019/6/1,101.6888579,84.00711919,0.191016191,4.836545932,9.449103562,9.145946589,9,0.701224625
KEN,KES,2019/7/1,103.1571618,88.33808592,0.155082329,6.096522769,7.541741295,9.609890759,9,0.701224625
KEN,KES,2019/8/1,103.2979233,89.90710189,0.138840336,5.985154179,6.712731961,9.544344407,9,0.701224625
KEN,KES,2019/9/1,103.8001852,93.54710941,0.104002602,5.076264955,7.063454992,9.580456975,9,0.701224625
KEN,KES,2019/10/1,103.6667351,96.54566211,0.071165205,6.26890373,7.830186023,9.316987419,9,0.701224625
KEN,KES,2019/11/1,102.3875073,91.22781933,0.115404819,7.098927974,6.283830825,9.12130442,9,0.701224625
KEN,KES,2019/12/1,101.5010681,86.09418615,0.164627437,7.157037108,6.017497589,9.0850931,8.5,0.701224625
KEN,KES,2020/1/1,101.0910963,89.0308922,0.127038641,7.385222888,6.058905032,8.798139801,8.5,0.701224625
KEN,KES,2020/2/1,100.7948297,88.0181916,0.135543546,7.173701153,8.370816262,8.67262883,8.25,0.701224625
KEN,KES,2020/3/1,103.7401757,85.8944962,0.188769708,5.842704695,7.684539957,8.555048107,8.25,0.701224625
KEN,KES,2020/4/1,106.4117307,92.10091627,0.14443093,6.010283773,8.902303532,8.279296196,7.25,0.701224625
KEN,KES,2020/5/1,106.6756985,85.56497659,0.22051733,5.330630707,9.997778924,9.648342682,7,0.701224625
KEN,KES,2020/6/1,106.4033336,87.62541793,0.194165792,4.585570344,9.121006699,9.64991172,7,0.701224625
KEN,KES,2020/7/1,107.2666436,90.7544271,0.167160475,4.359874718,11.14279329,9.550252273,7,0.701224625
KEN,KES,2020/8/1,108.1384725,93.08037692,0.149949171,4.358406165,11.07115342,9.111792272,7,0.701224625
KEN,KES,2020/9/1,108.407861,90.74899692,0.177803185,4.19831515,10.6400108,8.683956577,7,0.701224625
KEN,KES,2020/10/1,108.6381793,94.43926059,0.140066022,4.841879527,11.70161928,8.28544433,7,0.701224625
KEN,KES,2020/11/1,109.2477871,96.48368438,0.124244658,5.333939848,14.11347385,8.119922792,7,0.701224625
KEN,KES,2020/12/1,110.593554,94.71995971,0.15493706,5.617393953,13.27328449,8.220337388,7,0.701224625
KEN,KES,2021/1/1,109.8300882,90.78388257,0.190452754,5.693761156,13.24550921,7.28789745,7,0.701224625
KEN,KES,2021/2/1,109.6827206,89.33226133,0.205229148,5.776879236,12.24801595,7.100068561,7,0.701224625
KEN,KES,2021/3/1,109.7297187,91.78647235,0.178555313,5.897902172,10.28009379,7.04452845,7,0.701224625
KEN,KES,2021/4/1,107.9451471,88.20981326,0.201904983,5.761247571,9.396772717,7.136137031,7,0.701224625
KEN,KES,2021/5/1,107.4289118,91.0256697,0.165687792,5.870680493,8.041555788,7.163109432,7,0.701224625
KEN,KES,2021/6/1,107.8086695,86.72886719,0.217571294,6.286472277,6.942716258,9.061523225,7,0.701224625
KEN,KES,2021/7/1,108.1442588,89.67508959,0.187273043,6.545616156,7.41412756,8.783350065,7,0.701224625
KEN,KES,2021/8/1,109.2394385,93.94969271,0.150782702,6.573440088,10.05551741,8.328501487,7,0.701224625
KEN,KES,2021/9/1,110.1516162,92.89734101,0.170362723,6.913758918,8.817631218,8.765574394,7,0.701224625
KEN,KES,2021/10/1,110.8618907,93.89089017,0.166151833,6.449840282,7.484380763,8.599684778,7,0.701224625
KEN,KES,2021/11/1,111.9171658,94.01005405,0.174357272,5.798691738,7.259019084,8.468933341,7,0.701224625
KEN,KES,2021/12/1,112.9133333,98.05656959,0.14107601,5.728447253,6.218815716,8.636975088,7,0.701224625
KEN,KES,2022/1/1,113.3809804,98.35792267,0.142140558,5.388272338,4.988433695,7.767496195,7,0.701224625
KEN,KES,2022/2/1,113.6617353,97.40471621,0.154352173,5.084481144,4.996211557,7.554634823,7,0.701224625
KEN,KES,2022/3/1,114.3157657,97.40949331,0.160040821,5.557422662,5.263753378,7.348478458,7,0.701224625
KEN,KES,2022/4/1,115.4033864,98.13317021,0.162108263,6.473152681,7.317268234,7.874028415,7,0.701224625
KEN,KES,2022/5/1,116.2843971,98.48310579,0.166153871,7.082740554,7.216796502,7.658364646,7,0.701224625
KEN,KES,2022/6/1,117.2902801,100.0709482,0.158772472,7.94694313,7.70458767,7.403192812,7.5,0.701224625
KEN,KES,2022/7/1,118.3227671,103.8630628,0.130342877,8.316746026,8.011180557,7.208696205,7.5,0.701224625
KEN,KES,2022/8/1,119.4471925,98.26442986,0.195212261,8.528322199,5.466728924,6.858724054,7.5,0.701224625
KEN,KES,2022/9/1,120.42,101.1810202,0.17407444,9.17539891,6.4671238,6.786707324,7.5,0.701224625
KEN,KES,2022/10/1,121.0307121,102.2691907,0.168435871,9.591084808,5.654922356,6.753760119,8.25,0.701224625
KEN,KES,2022/11/1,121.9001337,103.1748014,0.166777483,9.476066107,5.888782898,6.568081228,8.25,0.701224625
KEN,KES,2022/12/1,122.9345201,103.8496955,0.168707239,9.063644038,7.52712261,6.945231237,8.75,0.701224625
NGA,NGN,2019/1/1,361,367.7038881,-0.018400004,11.37408333,20.01286962,6.400099393,14,0.298775345
NGA,NGN,2019/2/1,360,336.090528,0.068723479,11.30585291,10.2699014,6.371345206,14,0.298775345
NGA,NGN,2019/3/1,360,332.4583036,0.079589582,11.25114957,17.01788373,6.739776787,13.5,0.298775345
NGA,NGN,2019/4/1,360,329.7174919,0.087867829,11.37206804,17.87322031,6.692022632,13.5,0.298775345
NGA,NGN,2019/5/1,361,322.8826194,0.111589109,11.39640477,14.38978506,6.755250886,13.5,0.298775345
NGA,NGN,2019/6/1,361,327.0878576,0.098649146,11.2173159,19.46167896,6.732945772,13.5,0.298775345
NGA,NGN,2019/7/1,360,327.1135215,0.09579676,11.08445702,20.60186533,6.616511209,13.5,0.298775345
NGA,NGN,2019/8/1,360,327.1291757,0.095748906,11.01590941,18.22276179,6.330245447,13.5,0.298775345
NGA,NGN,2019/9/1,360,325.7200058,0.100065897,11.24375478,12.4643474,6.124879948,13.5,0.298775345
NGA,NGN,2019/10/1,360,324.7735812,0.102975765,11.6069814,11.34577029,5.965240521,13.5,0.298775345
NGA,NGN,2019/11/1,360,310.2187174,0.148826443,11.85351776,14.47818491,5.842447667,13.5,0.298775345
NGA,NGN,2019/12/1,362,318.0915125,0.129305095,11.98156929,6.448631051,5.737024909,13.5,0.298775345
NGA,NGN,2020/1/1,362,319.5477482,0.124737503,12.13230577,2.52231501,6.175397848,13.5,0.298775345
NGA,NGN,2020/2/1,365,326.6397215,0.111039559,12.19853348,5.315050514,6.15420092,13.5,0.298775345
NGA,NGN,2020/3/1,380,335.1298318,0.125653238,12.2573248,6.855594348,5.66526062,13.5,0.298775345
NGA,NGN,2020/4/1,415,358.4205283,0.146571563,12.34146493,6.265453938,6.127351802,13.5,0.298775345
NGA,NGN,2020/5/1,445,374.2397953,0.173177526,12.40424879,5.706579745,6.08567784,12.5,0.298775345
NGA,NGN,2020/6/1,450,387.91075,0.148472295,12.55871969,3.853540132,6.012411998,12.5,0.298775345
NGA,NGN,2020/7/1,465,397.3500072,0.157219883,12.82071751,4.665260743,5.979602306,12.5,0.298775345
NGA,NGN,2020/8/1,475,424.3012322,0.112871148,13.21951352,3.808040937,5.96843113,12.5,0.298775345
NGA,NGN,2020/9/1,465,407.9775996,0.130825136,13.70662921,5.157417609,6.043669547,11.5,0.298775345
NGA,NGN,2020/10/1,462,418.9006711,0.097931061,14.23274274,3.082172953,5.979472548,11.5,0.298775345
NGA,NGN,2020/11/1,470,421.4094174,0.109127846,14.88726067,3.534109656,5.878524393,11.5,0.298775345
NGA,NGN,2020/12/1,475,419.4889908,0.124277522,15.75338665,11.63254564,6.134630393,11.5,0.298775345
NGA,NGN,2021/1/1,475,402.6986299,0.165126339,16.46634728,13.5055278,5.856934389,11.5,0.298775345
NGA,NGN,2021/2/1,480,414.331247,0.147120336,17.33489631,14.27688477,5.692295094,11.5,0.298775345
NGA,NGN,2021/3/1,485,405.4486277,0.179154714,18.17136774,8.228118492,5.804530925,11.5,0.298775345
NGA,NGN,2021/4/1,485,400.8948645,0.190449681,18.11673535,9.130952899,5.67048861,11.5,0.298775345
NGA,NGN,2021/5/1,495,404.0890039,0.202922602,17.93308194,10.86834535,5.649687007,11.5,0.298775345
NGA,NGN,2021/6/1,502,411.176954,0.199576453,17.75075726,10.46345642,5.453913395,11.5,0.298775345
NGA,NGN,2021/7/1,505,426.0190618,0.170074338,17.37710035,7.984692906,5.536688943,11.5,0.298775345
NGA,NGN,2021/8/1,515,428.1603304,0.184669172,17.00912657,13.36447446,5.945400003,11.5,0.298775345
NGA,NGN,2021/9/1,570,464.7783204,0.204075799,16.62986719,12.37706198,6.85847482,11.5,0.298775345
NGA,NGN,2021/10/1,572,467.3029819,0.202161161,15.99357982,14.51492978,6.817033619,11.5,0.298775345
NGA,NGN,2021/11/1,560,470.1746803,0.174832498,15.395702,15.27596568,6.682002295,11.5,0.298775345
NGA,NGN,2021/12/1,565,441.5113574,0.246621987,15.62548885,14.23741434,6.64114156,11.5,0.298775345
NGA,NGN,2022/1/1,570,447.7542171,0.241391902,15.60054454,14.34958124,6.128101365,11.5,0.298775345
NGA,NGN,2022/2/1,575,460.1135815,0.222896666,15.70244575,15.32016557,6.181960217,11.5,0.298775345
NGA,NGN,2022/3/1,585,472.2611831,0.214079661,15.91515318,20.08137746,5.913560458,11.5,0.298775345
NGA,NGN,2022/4/1,590,474.959912,0.216892132,16.81881234,20.4235714,6.00806031,11.5,0.298775345
NGA,NGN,2022/5/1,605,478.0740855,0.235462747,17.71179932,21.72140145,6.015237252,13,0.298775345
NGA,NGN,2022/6/1,615,480.1613063,0.247500166,18.5956158,23.76017133,5.9061485,13,0.298775345
NGA,NGN,2022/7/1,670,494.7030507,0.303320027,19.64302021,21.478478,5.969100822,14,0.298775345
NGA,NGN,2022/8/1,695,519.2386613,0.29154822,20.52484199,20.44601013,5.973667889,14,0.298775345
NGA,NGN,2022/9/1,720,544.3573505,0.279645287,20.77368821,21.96023866,5.651771749,15.5,0.298775345
NGA,NGN,2022/10/1,760,576.7226626,0.275956936,21.08711512,22.07278753,5.744208561,15.5,0.298775345
NGA,NGN,2022/11/1,780,616.988386,0.234443719,21.46563897,21.31676333,5.747316701,16.5,0.298775345
NGA,NGN,2022/12/1,745,558.5308428,0.288074377,21.34379452,17.42260517,5.507966763,16.5,0.298775345
PAK,PKR,2019/1/1,138.7971432,115.6549137,0.18240259,7.191174468,10.4777138,3.126739266,10,0.162561476
PAK,PKR,2019/2/1,138.6607763,132.1563608,0.048044719,8.21113034,9.347922502,3.091788257,10.25,0.162561476
PAK,PKR,2019/3/1,139.3283786,139.1190257,0.001503716,9.412031782,8.973969528,3.854865528,10.25,0.162561476
PAK,PKR,2019/4/1,141.2906295,127.0420606,0.106300754,8.820512821,9.587674104,3.328888459,10.75,0.162561476
PAK,PKR,2019/5/1,146.14765,141.3194287,0.033594632,9.112688554,9.154519087,3.03453311,12.25,0.162561476
PAK,PKR,2019/6/1,155.8689386,157.5462627,-0.01070363,8.884771484,10.30901702,2.879834119,12.25,0.162561476
PAK,PKR,2019/7/1,159.2367727,146.3745935,0.084223186,10.34090928,10.33054139,3.067347847,13.25,0.162561476
PAK,PKR,2019/8/1,158.2948,138.2919449,0.135092124,11.91943409,9.389538762,3.240774894,13.25,0.162561476
PAK,PKR,2019/9/1,156.2925,155.7274978,0.003621581,12.84577441,10.42926532,3.063567449,13.25,0.162561476
PAK,PKR,2019/10/1,156.05745,135.6504264,0.140143026,12.27038519,11.28239117,3.094073375,13.25,0.162561476
PAK,PKR,2019/11/1,155.4615595,111.8691329,0.329068763,13.65683251,10.38190673,3.442298509,13.25,0.162561476
PAK,PKR,2019/12/1,154.9984476,125.5739259,0.210520466,13.73607377,11.67302963,4.180133748,13.25,0.162561476
PAK,PKR,2020/1/1,154.7244227,130.4114085,0.170951482,14.84093318,11.07955669,4.7060033,13.25,0.162561476
PAK,PKR,2020/2/1,154.3341553,95.4543967,0.480471479,12.92358629,11.27748572,4.887799953,13.25,0.162561476
PAK,PKR,2020/3/1,158.9609786,123.3878417,0.253326175,11.38669053,13.09611394,4.395767661,11,0.162561476
PAK,PKR,2020/4/1,164.7164286,115.9312742,0.351227829,9.07574926,15.00048518,4.672457125,9,0.162561476
PAK,PKR,2020/5/1,160.3070625,120.0627746,0.289076389,8.576735752,16.19424814,4.002514814,8,0.162561476
PAK,PKR,2020/6/1,165.5377864,132.9617925,0.219137673,9.071011829,16.68073777,4.248428125,7,0.162561476
PAK,PKR,2020/7/1,166.9838905,128.8227632,0.259459813,9.300482309,16.83780444,4.656044737,7,0.162561476
PAK,PKR,2020/8/1,167.9571275,142.5103437,0.164294169,8.210726832,16.74721526,4.686319337,7,0.162561476
PAK,PKR,2020/9/1,166.0317455,147.4988345,0.118358734,9.032837139,16.51689891,4.558977326,7,0.162561476
PAK,PKR,2020/10/1,162.8699429,132.2190932,0.208491643,8.913571033,15.65303436,4.507246854,7,0.162561476
PAK,PKR,2020/11/1,159.3579728,130.8720417,0.196933008,8.346667235,16.38755525,4.817928212,7,0.162561476
PAK,PKR,2020/12/1,160.2802432,134.1045978,0.178303727,7.978206921,15.63270855,4.857247505,7,0.162561476
PAK,PKR,2021/1/1,160.355314,129.3769989,0.214661451,5.658774849,15.44588099,4.133995178,7,0.162561476
PAK,PKR,2021/2/1,159.2496887,136.0564026,0.157403815,8.699636599,15.24244837,4.146254393,7,0.162561476
PAK,PKR,2021/3/1,156.1419886,126.3295689,0.211871658,9.051560483,13.14486713,4.327334501,7,0.162561476
PAK,PKR,2021/4/1,153.3141786,127.0535765,0.187880411,11.10599305,12.11732946,4.88204853,7,0.162561476
PAK,PKR,2021/5/1,153.5398594,141.4810379,0.081794504,10.8631454,10.05816036,5.027613763,7,0.162561476
PAK,PKR,2021/6/1,156.4508909,139.9197902,0.111672834,9.65167586,10.84979685,5.031139863,7,0.162561476
PAK,PKR,2021/7/1,160.0319194,139.4801515,0.137450983,8.403874337,10.8221644,5.525193245,7,0.162561476
PAK,PKR,2021/8/1,164.4306325,152.0789159,0.078089225,8.353517181,10.57104574,6.200815431,7,0.162561476
PAK,PKR,2021/9/1,168.377175,160.2577649,0.049423002,8.981029698,10.99230771,5.926634245,7.25,0.162561476
PAK,PKR,2021/10/1,171.951135,156.1586343,0.096337961,9.196823925,9.641412508,5.341479931,7.25,0.162561476
PAK,PKR,2021/11/1,173.4762455,171.999512,0.008549037,11.53362167,9.580175887,5.002273765,8.75,0.162561476
PAK,PKR,2021/12/1,177.5560174,164.6000053,0.07576783,12.2817879,10.41935806,5.460387868,9.75,0.162561476
PAK,PKR,2022/1/1,176.533645,165.4451352,0.064871851,12.9637594,9.370136672,4.543118764,9.75,0.162561476
PAK,PKR,2022/2/1,175.681995,173.1110182,0.014742402,12.24099746,8.304688385,4.766260575,9.75,0.162561476
PAK,PKR,2022/3/1,179.9008091,167.7546497,0.069903145,12.72420966,9.229572196,3.603383842,9.75,0.162561476
PAK,PKR,2022/4/1,184.8456783,170.9649219,0.078062905,13.37189641,9.402621175,3.184421309,12.25,0.162561476
PAK,PKR,2022/5/1,196.0811167,185.4746634,0.055610147,13.7593823,10.28938062,2.956763222,13.75,0.162561476
PAK,PKR,2022/6/1,204.8096,197.3330182,0.037188018,21.32489998,9.926885768,2.958613512,13.75,0.162561476
PAK,PKR,2022/7/1,220.4176824,189.1008151,0.153244017,24.93407,10.25727868,2.47921821,15,0.162561476
PAK,PKR,2022/8/1,220.8838595,195.0242438,0.124513163,27.25760159,10.74628214,2.555025163,15,0.162561476
PAK,PKR,2022/9/1,230.9444818,219.7004222,0.049912442,23.1763448,10.40631561,2.296158976,15,0.162561476
PAK,PKR,2022/10/1,220.6893667,213.2324721,0.034373144,26.56440494,11.40949596,2.585711951,15,0.162561476
PAK,PKR,2022/11/1,222.5983857,212.6845846,0.045558942,23.83661899,10.64025781,2.294969469,16,0.162561476
PAK,PKR,2022/12/1,225.0196295,214.3888836,0.048396061,24.46833165,7.411518601,1.643136244,16,0.162561476
PER,PEN,2019/1/1,3.343863636,3.239609991,0.031673966,2.360030128,4.756999084,25.8562116,2.75,1
PER,PEN,2019/2/1,3.321475,3.340928951,-0.005839936,2.211281709,5.241535953,26.20166153,2.75,1
PER,PEN,2019/3/1,3.304690476,3.125943158,0.055606767,2.391430707,6.596041539,26.12043118,2.75,1
PER,PEN,2019/4/1,3.303825,3.168824959,0.041720044,2.751912205,7.635435331,26.88165647,2.75,1
PER,PEN,2019/5/1,3.332363636,3.126184804,0.063868504,2.792321117,6.179324117,27.49870737,2.75,1
PER,PEN,2019/6/1,3.32565,3.176754094,0.045805193,2.368530021,7.163519652,27.57450764,2.75,1
PER,PEN,2019/7/1,3.290214286,3.151846326,0.042964279,2.202425142,6.736170608,27.61162336,2.75,1
PER,PEN,2019/8/1,3.37938,3.207818778,0.052101063,2.149386478,9.988224188,28.24660851,2.5,1
PER,PEN,2019/9/1,3.358195238,3.27473399,0.025167057,1.988986603,10.36905989,28.05447685,2.5,1
PER,PEN,2019/10/1,3.36007619,3.2247655,0.041103415,2.00295518,9.910823546,28.09971448,2.5,1
PER,PEN,2019/11/1,3.372715,3.372552687,4.81E-05,1.950659782,9.723650902,27.58855103,2.25,1
PER,PEN,2019/12/1,3.354738095,3.347257663,0.002232301,1.873363874,8.318375914,28.23123403,2.25,1
PER,PEN,2020/1/1,3.327363636,3.209344899,0.036113455,1.864115771,19.99611812,31.81504579,2.25,1
PER,PEN,2020/2/1,3.39035,3.15097146,0.073222356,1.836884644,21.55238474,31.49160524,2.25,1
PER,PEN,2020/3/1,3.491363636,3.266233603,0.066654869,1.776011678,22.347369,31.66494673,1.25,1
PER,PEN,2020/4/1,3.3975,3.096659375,0.092715958,1.966178493,26.46425197,34.26234043,0.25,1
PER,PEN,2020/5/1,3.42115,3.203292738,0.06579749,1.89182634,34.53749135,34.11816189,0.25,1
PER,PEN,2020/6/1,3.470166667,3.306913664,0.048187297,1.771701319,36.44842374,33.13054545,0.25,1
PER,PEN,2020/7/1,3.516568182,3.206582668,0.092279785,2.15496368,39.36082984,34.50325038,0.25,1
PER,PEN,2020/8/1,3.563928571,3.333028428,0.066982139,2.13640761,35.51178801,34.60756728,0.25,1
PER,PEN,2020/9/1,3.554909091,3.345440077,0.060731243,2.256426787,35.45376622,33.52590359,0.25,1
PER,PEN,2020/10/1,3.595613636,3.473787725,0.034469106,1.987767584,36.30093408,33.59851797,0.25,1
PER,PEN,2020/11/1,3.607761905,3.472691185,0.038157758,2.226867112,35.636483,33.30568917,0.25,1
PER,PEN,2020/12/1,3.602619048,3.610419855,-0.002162975,2.152091865,38.28529603,34.69481478,0.25,1
PER,PEN,2021/1/1,3.624575,3.596960164,0.00764795,2.921582792,27.29255569,32.43303431,0.25,1
PER,PEN,2021/2/1,3.645275,3.427364644,0.061640168,2.78980279,20.46940373,32.29383407,0.25,1
PER,PEN,2021/3/1,3.708152174,3.421284675,0.08051757,2.940239044,18.88943785,33.99383058,0.25,1
PER,PEN,2021/4/1,3.69945,3.476672284,0.062108564,2.563085225,14.59869282,32.74828815,0.25,1
PER,PEN,2021/5/1,3.773547619,3.481892915,0.080439485,2.77711656,6.484233037,30.92962635,0.25,1
PER,PEN,2021/6/1,3.910309524,3.751200744,0.041540546,3.513513514,3.878526803,30.48131269,0.25,1
PER,PEN,2021/7/1,3.94005,3.567276834,0.0993909,3.950383187,2.926167846,30.07910014,0.25,1
PER,PEN,2021/8/1,4.086190476,3.779371189,0.078055468,4.956981609,2.800633118,31.54974174,0.5,1
PER,PEN,2021/9/1,4.107477273,4.043926895,0.015592814,5.382614863,6.94693042,32.27167511,1,1
PER,PEN,2021/10/1,4.01505,3.742139943,0.070392176,6.131144954,5.357868899,31.62271054,1.5,1
PER,PEN,2021/11/1,4.019595238,3.611983772,0.106924068,6.244101919,4.223211557,33.23355429,2,1
PER,PEN,2021/12/1,4.036977273,3.686591386,0.090793925,6.988444305,2.880139916,33.31169955,2.5,1
PER,PEN,2022/1/1,3.889285714,3.604884237,0.075935861,6.329790626,-0.327823829,30.30071063,3,1
PER,PEN,2022/2/1,3.7908,3.587099736,0.055233075,6.670103308,3.643964962,30.15446932,3.5,1
PER,PEN,2022/3/1,3.738782609,3.29735562,0.125639233,7.4535227,2.330873094,29.55192069,4,1
PER,PEN,2022/4/1,3.739736842,3.214694737,0.151282842,8.617578061,3.211384197,29.80618973,4.5,1
PER,PEN,2022/5/1,3.757545455,3.441355566,0.087900486,8.776733635,3.88551873,29.93057658,5,1
PER,PEN,2022/6/1,3.747142857,3.33355556,0.116954175,9.320121209,4.413147281,28.78669963,5.5,1
PER,PEN,2022/7/1,3.902184211,3.509816277,0.105972757,9.277008699,4.488287495,29.16632796,6,1
PER,PEN,2022/8/1,3.873795455,3.633664133,0.063993222,8.798103597,3.596498767,29.06882313,6.5,1
PER,PEN,2022/9/1,3.897704545,3.774921504,0.032008213,8.788988769,1.804137298,29.22421278,6.75,1
PER,PEN,2022/10/1,3.978714286,3.491544508,0.130614533,8.643798012,3.809809166,29.08052034,7,1
PER,PEN,2022/11/1,3.877309524,2.875405178,0.298947896,8.643934853,7.354006808,28.94092514,7.25,1
PER,PEN,2022/12/1,3.829175,3.950883581,-0.03128987,8.562161174,9.31212092,28.32663881,7.5,1
PHL,PHP,2019/1/1,52.46790909,48.46370788,0.079386501,4.423868313,6.990156051,19.65908606,4.75,0.446164638
PHL,PHP,2019/2/1,52.19005556,53.94492998,-0.033071741,3.779366701,6.528805905,19.74970751,4.75,0.446164638
PHL,PHP,2019/3/1,52.4134286,34.45507904,0.419506411,3.353658537,6.02954766,20.00919526,4.75,0.446164638
PHL,PHP,2019/4/1,52.11222222,32.36860183,0.476210639,3.238866397,6.957461989,20.10306817,4.75,0.446164638
PHL,PHP,2019/5/1,52.262,42.0317716,0.217843731,3.232323232,6.085702955,20.44064842,4.5,0.446164638
PHL,PHP,2019/6/1,51.80294444,34.89106781,0.39521613,2.716297787,6.367032748,20.41161969,4.5,0.446164638
PHL,PHP,2019/7/1,51.14286957,44.44086248,0.140463708,2.195608782,6.596817042,20.47642492,4.5,0.446164638
PHL,PHP,2019/8/1,52.05473684,40.22820638,0.257727396,1.384767557,6.353478783,20.70338815,4.25,0.446164638
PHL,PHP,2019/9/1,52.10519048,44.56158978,0.156392297,0.489715965,6.898373348,20.58416758,4,0.446164638
PHL,PHP,2019/10/1,51.50417391,45.22004529,0.130122383,0.586510264,7.289407988,20.65091248,4,0.446164638
PHL,PHP,2019/11/1,50.72675,33.82296752,0.405313301,1.176470588,8.301972861,20.75555476,4,0.446164638
PHL,PHP,2019/12/1,50.76711111,44.74310475,0.126311377,2.366863905,9.843921639,21.18332913,4,0.446164638
PHL,PHP,2020/1/1,50.83857143,40.44817251,0.228633883,2.955665025,10.71945545,21.79750162,4,0.446164638
PHL,PHP,2020/2/1,50.74478947,30.68034347,0.50318677,2.460629921,9.709865419,22.16195691,3.75,0.446164638
PHL,PHP,2020/3/1,50.90357143,42.96933052,0.169446469,2.163225172,12.04036199,22.34841669,3.25,0.446164638
PHL,PHP,2020/4/1,50.7349,42.17459547,0.184796,1.764705882,14.50684735,22.92271504,2.75,0.446164638
PHL,PHP,2020/5/1,50.55557895,45.24829044,0.110908415,1.56555773,14.91705519,23.57207782,2.75,0.446164638
PHL,PHP,2020/6/1,50.0972381,42.58890341,0.162372143,2.252693438,13.00517932,23.62232329,2.25,0.446164638
PHL,PHP,2020/7/1,49.46754545,41.59425648,0.173354715,2.44140625,13.03326164,23.77460928,2.25,0.446164638
PHL,PHP,2020/8/1,48.84331579,49.1118133,-0.005482065,2.243902439,12.16905253,24.02642967,2.25,0.446164638
PHL,PHP,2020/9/1,48.50568182,43.96607482,0.098262632,2.2417154,11.06404497,24.56076377,2.25,0.446164638
PHL,PHP,2020/10/1,48.48218182,42.64340144,0.128323798,2.332361516,10.54283249,25.47454339,2.25,0.446164638
PHL,PHP,2020/11/1,48.25205556,44.24177531,0.086768944,3.003875969,9.547678107,26.00347832,2,0.446164638
PHL,PHP,2020/12/1,48.06372222,45.00383336,0.065780005,3.275529865,8.657732059,27.23201421,2,0.446164638
PHL,PHP,2021/1/1,48.0614,43.3260924,0.103724311,3.732057416,7.714977281,24.86286748,2,0.446164638
PHL,PHP,2021/2/1,48.20416667,43.10039286,0.111913351,4.226705091,8.117414097,24.35777079,2,0.446164638
PHL,PHP,2021/3/1,48.57430435,44.0150861,0.098562233,4.138594803,6.426033783,24.19991108,2,0.446164638
PHL,PHP,2021/4/1,48.462,45.95737332,0.053065686,4.142581888,3.843238295,24.96775387,2,0.446164638
PHL,PHP,2021/5/1,47.95515,46.09496497,0.039562475,4.142581888,3.464650531,24.70150128,2,0.446164638
PHL,PHP,2021/6/1,48.12472727,45.35461991,0.059284082,3.735632184,5.690030291,24.58536163,2,0.446164638
PHL,PHP,2021/7/1,49.94295238,49.10848468,0.016849578,3.717826501,5.149113444,24.86828742,2,0.446164638
PHL,PHP,2021/8/1,50.23433333,48.86605637,0.027615712,4.389312977,6.364609588,25.0730337,2,0.446164638
PHL,PHP,2021/9/1,50.14213636,47.63834496,0.051223696,4.194470925,7.830278476,24.80358403,2,0.446164638
PHL,PHP,2021/10/1,50.74914286,47.09708571,0.074683604,3.988603989,7.891219916,25.06402078,2,0.446164638
PHL,PHP,2021/11/1,50.35705,44.95138623,0.113557029,3.668861712,8.164909659,25.05036559,2,0.446164638
PHL,PHP,2021/12/1,50.24780952,45.42358619,0.100935465,3.078358209,7.980268434,25.23850604,2,0.446164638
PHL,PHP,2022/1/1,51.23528571,44.9893743,0.130002133,3.044280443,8.507417725,24.35637114,2,0.446164638
PHL,PHP,2022/2/1,51.28066667,43.47074712,0.165225581,3.041474654,8.721990941,24.28972605,2,0.446164638
PHL,PHP,2022/3/1,52.07395652,45.22054786,0.141113367,3.974121996,8.301038415,24.21307302,2,0.446164638
PHL,PHP,2022/4/1,51.976,45.33616965,0.136676913,4.902867715,7.944387823,23.77204969,2,0.446164638
PHL,PHP,2022/5/1,52.36175,44.51302812,0.16239445,5.365402405,7.670314172,23.4003621,2.25,0.446164638
PHL,PHP,2022/6/1,53.56854545,47.98805495,0.110009933,6.094182825,8.293674269,22.73189995,2.5,0.446164638
PHL,PHP,2022/7/1,55.89252381,46.24382536,0.18950268,6.433823529,7.876000196,22.52422539,3.25,0.446164638
PHL,PHP,2022/8/1,55.75009524,49.2766128,0.123429536,6.307129799,7.556300663,21.98800049,3.75,0.446164638
PHL,PHP,2022/9/1,57.4337619,48.16685777,0.17596113,6.861848124,6.784508659,20.94359401,4.25,0.446164638
PHL,PHP,2022/10/1,58.8247,49.38097008,0.174996706,7.671232877,7.167845078,21.20632266,4.25,0.446164638
PHL,PHP,2022/11/1,57.65225,50.194975,0.138514353,7.985480944,7.17801547,21.30878835,5,0.446164638
PHL,PHP,2022/12/1,55.68389474,48.3930893,0.140333942,8.054298643,7.820339239,21.47880558,5.5,0.446164638
VNM,VND,2019/1/1,22850.7,22581.71396,0.011841289,2.56297196,14.36,17.89392686,6.25,0.417621493
VNM,VND,2019/2/1,22902.78,22480.60308,0.018605449,2.638727913,11.61,18.28787527,6.25,0.417621493
VNM,VND,2019/3/1,22952.73,19514.30129,0.162289288,2.699962739,11.23,18.79819785,6.25,0.417621493
VNM,VND,2019/4/1,22996.75,23182.52905,-0.008046035,2.932179087,10.22,19.36625393,6.25,0.417621493
VNM,VND,2019/5/1,23054.54,21917.37181,0.050583158,2.875363361,10.84,19.15382332,6.25,0.417621493
VNM,VND,2019/6/1,23059.68,22072.55102,0.043750837,2.158875519,11.11,19.37196698,6.25,0.417621493
VNM,VND,2019/7/1,23068.81,21795.05077,0.056798573,2.437204144,11.51,19.51206143,6.25,0.417621493
VNM,VND,2019/8/1,23114.56,22916.28087,0.008615109,2.261805132,11.93,20.10940581,6.25,0.417621493
VNM,VND,2019/9/1,23142.04,22370.00643,0.033929814,1.97899129,12.88,20.85081131,6,0.417621493
VNM,VND,2019/10/1,23154.63,22793.74035,0.015708809,2.236653625,12.66,21.2498614,6,0.417621493
VNM,VND,2019/11/1,23143.46,18005.81692,0.251017367,3.51933341,13.39,22.24953395,6,0.417621493
VNM,VND,2019/12/1,23162.22,17543.01242,0.277866785,5.234548935,14.78,23.60777148,6,0.417621493
VNM,VND,2020/1/1,23164.3,15866.25113,0.378418017,6.427368778,13.38,23.54110699,6,0.417621493
VNM,VND,2020/2/1,23218.2,17816.78409,0.264795515,5.40471091,13.82,23.42418298,6,0.417621493
VNM,VND,2020/3/1,23223.42,17569.39449,0.279002814,4.86855281,13.48,23.58550004,5,0.417621493
VNM,VND,2020/4/1,23241.5,18197.48322,0.244656174,2.931756259,12.92,23.61779401,5,0.417621493
VNM,VND,2020/5/1,23256.5,17673.46238,0.274520449,2.395859283,12.58,24.03098105,4.5,0.417621493
VNM,VND,2020/6/1,23235.92,17970.77305,0.256952638,3.16515189,12.69,24.18255489,4.5,0.417621493
VNM,VND,2020/7/1,23222.56,20492.75946,0.125052593,3.389335309,13.22,24.40265267,4.5,0.417621493
VNM,VND,2020/8/1,23209,18339.86664,0.235462939,3.177154375,13.74,25.46334809,4.5,0.417621493
VNM,VND,2020/9/1,23206.84,18747.17802,0.213403827,2.98091112,13.9,25.62441446,4,0.417621493
VNM,VND,2020/10/1,23197.22,21190.97936,0.090456855,2.469820801,13.98,26.11553879,4,0.417621493
VNM,VND,2020/11/1,23178.96,19548.57463,0.170342596,1.484325221,14.16,26.83685323,4,0.417621493
VNM,VND,2020/12/1,23146,18036.74488,0.24941092,0.187034495,14.53,27.38402476,4,0.417621493
VNM,VND,2021/1/1,23137,17769.66946,0.263940027,-0.971274918,13.42,26.32479907,4,0.417621493
VNM,VND,2021/2/1,23138.61111,17950.53059,0.253883025,0.700249574,14.57,26.5097164,4,0.417621493
VNM,VND,2021/3/1,23195.96,18540.52376,0.224019315,1.156167036,14.82,26.56508812,4,0.417621493
VNM,VND,2021/4/1,23203.13,18635.69852,0.219208167,2.702013592,15.63,27.2471367,4,0.417621493
VNM,VND,2021/5/1,23159.29,18915.8484,0.202395885,2.895768103,14.92,27.47006081,4,0.417621493
VNM,VND,2021/6/1,23140.92,18837.88755,0.205732342,2.414299028,13.75,27.07980654,4,0.417621493
VNM,VND,2021/7/1,23197.93,18933.96082,0.203105872,2.641876612,13.7,27.6372186,4,0.417621493
VNM,VND,2021/8/1,23159.54,19036.61023,0.196042811,2.819930615,12.74,28.89537262,4,0.417621493
VNM,VND,2021/9/1,23125.38,20415.55872,0.124633423,2.060009231,12.13,28.96123183,4,0.417621493
VNM,VND,2021/10/1,23154.27,19698.26695,0.161648553,1.765308952,11.69,29.01628554,4,0.417621493
VNM,VND,2021/11/1,23126.58,20378.18817,0.126517484,2.100450266,11.17,29.71426811,4,0.417621493
VNM,VND,2021/12/1,23178.78,18707.06864,0.214335751,1.810374783,10.66,29.55375475,4,0.417621493
VNM,VND,2022/1/1,23102.04,19756.93584,0.156416314,1.941831758,12.67,27.14122116,4,0.417621493
VNM,VND,2022/2/1,23115,18679.58088,0.213050762,1.423979251,11.58,26.9794159,4,0.417621493
VNM,VND,2022/3/1,23152.89,18954.97363,0.200053253,2.409822408,12.26,26.33146692,4,0.417621493
VNM,VND,2022/4/1,23112.92,19512.05083,0.169359503,2.637976465,11.29,26.10177745,4,0.417621493
VNM,VND,2022/5/1,23129.44,19374.91619,0.177127015,2.862910528,10.27,25.48298175,4,0.417621493
VNM,VND,2022/6/1,23082.23,19189.98728,0.18467441,3.374209648,9.97,25.12036028,4,0.417621493
VNM,VND,2022/7/1,23187,19389.93005,0.178837915,3.140898944,8.95,24.43310072,4,0.417621493
VNM,VND,2022/8/1,23190.41,18418.30281,0.230393943,2.890989226,7.86,22.84342382,4,0.417621493
VNM,VND,2022/9/1,23295,18971.49647,0.205301078,3.940351115,7.4,21.306397,5,0.417621493
VNM,VND,2022/10/1,23564.38,20254.45738,0.151361363,4.303112126,7.03,20.89399177,6,0.417621493
VNM,VND,2022/11/1,23679.35,19680.58232,0.18497088,4.372043887,6.42,20.75061342,6,0.417621493
VNM,VND,2022/12/1,23643.89,18060.20696,0.269393723,4.548858108,6.15,21.05236383,6,0.417621493
ZAF,ZAR,2019/1/1,13.86149319,11.89476034,0.153016726,3.846153846,5.019530556,11.69067742,6.75,0.162561476
ZAF,ZAR,2019/2/1,13.7956152,13.35733072,0.032285451,4.098360656,5.238843769,11.68890552,6.75,0.162561476
ZAF,ZAR,2019/3/1,14.3830671,14.24616266,0.009564036,4.489795918,6.87984896,11.42069842,6.75,0.162561476
ZAF,ZAR,2019/4/1,14.15436181,13.81829533,0.024029369,4.324324324,8.70024834,11.39883836,6.75,0.162561476
ZAF,ZAR,2019/5/1,14.43697251,14.1658739,0.018956626,4.447439353,9.000680348,11.07267445,6.75,0.162561476
ZAF,ZAR,2019/6/1,14.56647264,13.43388208,0.080942465,4.435483871,8.923941165,11.33215815,6.75,0.162561476
ZAF,ZAR,2019/7/1,14.04656154,14.19098127,-0.010229005,4,8.210528504,11.20109786,6.5,0.162561476
ZAF,ZAR,2019/8/1,15.14229212,14.98283007,0.010586748,4.405874499,7.405067455,11.25174995,6.5,0.162561476
ZAF,ZAR,2019/9/1,14.84851545,15.24980746,-0.026666987,4.11686587,6.100405528,12.55783444,6.5,0.162561476
ZAF,ZAR,2019/10/1,14.90652861,13.60244749,0.09154954,3.5667107,7.236525755,12.44866725,6.5,0.162561476
ZAF,ZAR,2019/11/1,14.80356411,14.05703641,0.051744887,3.562005277,7.305429771,12.59522107,6.5,0.162561476
ZAF,ZAR,2019/12/1,14.43568038,13.23440853,0.086882801,3.963011889,6.110245232,12.56784972,6.5,0.162561476
ZAF,ZAR,2020/1/1,14.39716894,13.23892575,0.083870175,4.365079365,7.122347203,14.28115315,6.25,0.162561476
ZAF,ZAR,2020/2/1,15.01530811,13.15654426,0.132150924,4.461942257,7.791249658,14.261871,6.25,0.162561476
ZAF,ZAR,2020/3/1,16.61118531,14.84386038,0.112489945,4.166666667,9.515877947,13.60757274,5.25,0.162561476
ZAF,ZAR,2020/4/1,18.57600092,15.97173104,0.151050125,2.979274611,10.47692068,13.6402379,4.25,0.162561476
ZAF,ZAR,2020/5/1,18.14256427,13.24006325,0.315013467,1.935483871,10.60507015,13.55781495,3.75,0.162561476
ZAF,ZAR,2020/6/1,17.13317445,16.38285889,0.044781012,2.187902188,11.06806995,13.37377506,3.75,0.162561476
ZAF,ZAR,2020/7/1,16.77137596,15.63790638,0.069975759,3.205128205,10.55702426,14.78269181,3.5,0.162561476
ZAF,ZAR,2020/8/1,17.23080316,14.75608546,0.155043092,3.069053708,10.89074873,14.15739368,3.5,0.162561476
ZAF,ZAR,2020/9/1,16.71583909,14.48107082,0.143514383,2.933673469,9.513374852,13.85835397,3.5,0.162561476
ZAF,ZAR,2020/10/1,16.46133889,14.78013686,0.107730359,3.316326531,9.860451606,13.63971718,3.5,0.162561476
ZAF,ZAR,2020/11/1,15.54866577,15.08359332,0.030367215,3.184713376,8.255020794,13.80114807,3.5,0.162561476
ZAF,ZAR,2020/12/1,14.90583981,13.94284626,0.066786506,3.049555273,9.427326461,14.02507399,3.5,0.162561476
ZAF,ZAR,2021/1/1,15.12545811,13.2413106,0.133037758,3.168567807,9.150578164,11.26172681,3.5,0.162561476
ZAF,ZAR,2021/2/1,14.75213463,13.43340639,0.093643175,3.015075377,7.484002373,11.11615748,3.5,0.162561476
ZAF,ZAR,2021/3/1,14.98668433,12.80102768,0.15763664,3.125,3.621059197,11.0040531,3.5,0.162561476
ZAF,ZAR,2021/4/1,14.40787246,12.56318536,0.137004015,4.528301887,2.021544322,11.08777119,3.5,0.162561476
ZAF,ZAR,2021/5/1,14.06020863,13.78192184,0.019991003,5.316455696,1.821577114,11.06700485,3.5,0.162561476
ZAF,ZAR,2021/6/1,13.91672233,13.20111321,0.052790002,5.037783375,0.124907802,11.2836395,3.5,0.162561476
ZAF,ZAR,2021/7/1,14.53294036,14.09180877,0.030824132,4.720496894,1.925991875,11.21697022,3.5,0.162561476
ZAF,ZAR,2021/8/1,14.78898339,13.70293299,0.076272641,4.962779156,2.309361308,12.171402,3.5,0.162561476
ZAF,ZAR,2021/9/1,14.53232789,13.70592201,0.058547674,5.080545229,4.011042801,11.93209595,3.5,0.162561476
ZAF,ZAR,2021/10/1,14.85870854,13.01913041,0.132166281,5.061728395,3.193967437,11.98117662,3.5,0.162561476
ZAF,ZAR,2021/11/1,15.51255819,13.79512637,0.117334534,5.432098765,6.35658642,12.00426185,3.75,0.162561476
ZAF,ZAR,2021/12/1,15.86953969,13.89044488,0.133200344,5.918618989,5.709985199,11.97065496,3.75,0.162561476
ZAF,ZAR,2022/1/1,15.49117081,12.89841993,0.183165418,5.773955774,5.651008819,12.26675694,4,0.162561476
ZAF,ZAR,2022/2/1,15.21338291,13.21129489,0.141103358,5.609756098,6.432549314,12.27380758,4,0.162561476
ZAF,ZAR,2022/3/1,14.97860307,12.62035355,0.171311849,6.060606061,8.424003812,12.36674437,4.25,0.162561476
ZAF,ZAR,2022/4/1,14.9538077,13.73688494,0.084881416,6.016847172,7.493850092,12.90002107,4.25,0.162561476
ZAF,ZAR,2022/5/1,15.9010573,13.19541343,0.186516302,6.610576923,7.242321493,12.71268907,4.75,0.162561476
ZAF,ZAR,2022/6/1,15.77125374,14.13291116,0.109682697,7.434052758,8.332185953,12.67726437,4.75,0.162561476
ZAF,ZAR,2022/7/1,16.84270096,13.41655698,0.227427846,8.066429419,8.151880618,12.86643928,5.5,0.162561476
ZAF,ZAR,2022/8/1,16.6845191,14.10386048,0.168032736,7.919621749,8.148084017,12.97216514,5.5,0.162561476
ZAF,ZAR,2022/9/1,17.54980195,14.93290819,0.161475284,7.783018868,8.754589236,12.808939,6.25,0.162561476
ZAF,ZAR,2022/10/1,18.12260668,14.87883479,0.197220428,7.755581669,9.820796174,12.78652918,6.25,0.162561476
ZAF,ZAR,2022/11/1,17.4796144,14.71540003,0.172140744,7.728337237,8.764612471,12.95369512,7,0.162561476
ZAF,ZAR,2022/12/1,17.2817232,14.43450166,0.180028191,7.5669383,8.637725943,13.06912357,7,0.162561476
